,Jahr,Art,Bundesland,Anzahl_Unternehmen,Befoerderte_Personen_in_1000,Befoerderte_Personen_in_Mio,Personenkilometer_in_1000,Personenkilometer_in_Mio
16,2004,Liniennahverkehr mit Eisenbahnen,Baden-Württemberg,48,118047,118.047,1534495,1534.495
17,2004,Liniennahverkehr mit Eisenbahnen,Bayern,16,189560,189.56,2289406,2289.406
18,2004,Liniennahverkehr mit Eisenbahnen,Berlin,4,318200,318.2,3054323,3054.323
19,2004,Liniennahverkehr mit Eisenbahnen,Brandenburg,4,467,0.467,10228,10.228
21,2004,Liniennahverkehr mit Eisenbahnen,Hamburg,8,166718,166.718,1628794,1628.794
22,2004,Liniennahverkehr mit Eisenbahnen,Hessen,16,774862,774.862,21855667,21855.667
23,2004,Liniennahverkehr mit Eisenbahnen,Mecklenburg-Vorpommern,20,6107,6.107,146198,146.198
24,2004,Liniennahverkehr mit Eisenbahnen,Niedersachsen,12,11645,11.645,313928,313.928
25,2004,Liniennahverkehr mit Eisenbahnen,Nordrhein-Westfalen,32,311102,311.102,7351431,7351.431
26,2004,Liniennahverkehr mit Eisenbahnen,Rheinland-Pfalz,24,7573,7.573,66528,66.528
28,2004,Liniennahverkehr mit Eisenbahnen,Sachsen,8,2333,2.333,72129,72.129
29,2004,Liniennahverkehr mit Eisenbahnen,Sachsen-Anhalt,12,2837,2.837,60254,60.254
30,2004,Liniennahverkehr mit Eisenbahnen,Schleswig-Holstein,16,42167,42.167,1590173,1590.173
31,2004,Liniennahverkehr mit Eisenbahnen,Thüringen,8,3752,3.752,197136,197.136
32,2004,Liniennahverkehr mit Straßenbahnen,Baden-Württemberg,24,362466,362.466,1584761,1584.761
34,2004,Liniennahverkehr mit Straßenbahnen,Berlin,4,615525,615.525,2657148,2657.148
35,2004,Liniennahverkehr mit Straßenbahnen,Brandenburg,28,35836,35.836,142481,142.481
36,2004,Liniennahverkehr mit Straßenbahnen,Bremen,4,56122,56.122,284645,284.645
37,2004,Liniennahverkehr mit Straßenbahnen,Hamburg,4,211246,211.246,1046746,1046.746
38,2004,Liniennahverkehr mit Straßenbahnen,Hessen,16,182960,182.96,669535,669.535
39,2004,Liniennahverkehr mit Straßenbahnen,Mecklenburg-Vorpommern,8,40602,40.602,188781,188.781
40,2004,Liniennahverkehr mit Straßenbahnen,Niedersachsen,8,171525,171.525,645525,645.525
41,2004,Liniennahverkehr mit Straßenbahnen,Nordrhein-Westfalen,52,638210,638.21,2987143,2987.143
42,2004,Liniennahverkehr mit Straßenbahnen,Rheinland-Pfalz,8,19716,19.716,92914,92.914
43,2004,Liniennahverkehr mit Straßenbahnen,Saarland,4,9998,9.998,50479,50.479
44,2004,Liniennahverkehr mit Straßenbahnen,Sachsen,31,238603,238.603,1289584,1289.584
45,2004,Liniennahverkehr mit Straßenbahnen,Sachsen-Anhalt,16,117385,117.385,574444,574.444
47,2004,Liniennahverkehr mit Straßenbahnen,Thüringen,20,61727,61.727,343044,343.044
48,2004,Liniennahverkehr mit Omnibussen,Baden-Württemberg,548,593970,593.97,4245226,4245.226
49,2004,Liniennahverkehr mit Omnibussen,Bayern,718,651322,651.322,4385879,4385.879
50,2004,Liniennahverkehr mit Omnibussen,Berlin,8,399432,399.432,1311443,1311.443
51,2004,Liniennahverkehr mit Omnibussen,Brandenburg,104,105279,105.279,1195235,1195.235
52,2004,Liniennahverkehr mit Omnibussen,Bremen,12,83488,83.488,613924,613.924
53,2004,Liniennahverkehr mit Omnibussen,Hamburg,12,256361,256.361,820632,820.632
54,2004,Liniennahverkehr mit Omnibussen,Hessen,311,290783,290.783,1832983,1832.983
55,2004,Liniennahverkehr mit Omnibussen,Mecklenburg-Vorpommern,108,80693,80.693,712400,712.4
56,2004,Liniennahverkehr mit Omnibussen,Niedersachsen,336,366066,366.066,2822040,2822.04
57,2004,Liniennahverkehr mit Omnibussen,Nordrhein-Westfalen,465,1454576,1454.576,8795372,8795.372
58,2004,Liniennahverkehr mit Omnibussen,Rheinland-Pfalz,168,251632,251.632,2410193,2410.193
59,2004,Liniennahverkehr mit Omnibussen,Saarland,20,84647,84.647,703955,703.955
60,2004,Liniennahverkehr mit Omnibussen,Sachsen,152,218231,218.231,1505889,1505.889
61,2004,Liniennahverkehr mit Omnibussen,Sachsen-Anhalt,120,97960,97.96,963618,963.618
62,2004,Liniennahverkehr mit Omnibussen,Schleswig-Holstein,140,205768,205.768,1772074,1772.074
63,2004,Liniennahverkehr mit Omnibussen,Thüringen,136,117657,117.657,854222,854.222
80,2005,Liniennahverkehr mit Eisenbahnen,Baden-Württemberg,48,122563,122.563,1564444,1564.444
81,2005,Liniennahverkehr mit Eisenbahnen,Bayern,16,194035,194.035,2341179,2341.179
82,2005,Liniennahverkehr mit Eisenbahnen,Berlin,4,356760,356.76,3473967,3473.967
83,2005,Liniennahverkehr mit Eisenbahnen,Brandenburg,4,3406,3.406,73606,73.606
84,2005,Liniennahverkehr mit Eisenbahnen,Bremen,0,0,0.0,0,0.0
85,2005,Liniennahverkehr mit Eisenbahnen,Hamburg,8,168569,168.569,1646670,1646.67
86,2005,Liniennahverkehr mit Eisenbahnen,Hessen,16,777503,777.503,21967565,21967.565
87,2005,Liniennahverkehr mit Eisenbahnen,Mecklenburg-Vorpommern,18,5899,5.899,138744,138.744
88,2005,Liniennahverkehr mit Eisenbahnen,Niedersachsen,12,11810,11.81,372601,372.601
89,2005,Liniennahverkehr mit Eisenbahnen,Nordrhein-Westfalen,16,308316,308.316,7551073,7551.073
90,2005,Liniennahverkehr mit Eisenbahnen,Rheinland-Pfalz,24,7734,7.734,67966,67.966
91,2005,Liniennahverkehr mit Eisenbahnen,Saarland,0,0,0.0,0,0.0
92,2005,Liniennahverkehr mit Eisenbahnen,Sachsen,8,5283,5.283,164851,164.851
93,2005,Liniennahverkehr mit Eisenbahnen,Sachsen-Anhalt,12,2835,2.835,59820,59.82
94,2005,Liniennahverkehr mit Eisenbahnen,Schleswig-Holstein,16,42673,42.673,1580555,1580.555
95,2005,Liniennahverkehr mit Eisenbahnen,Thüringen,8,4613,4.613,247987,247.987
96,2005,Liniennahverkehr mit Straßenbahnen,Baden-Württemberg,24,376817,376.817,1637575,1637.575
97,2005,Liniennahverkehr mit Straßenbahnen,Bayern,20,602558,602.558,2275195,2275.195
98,2005,Liniennahverkehr mit Straßenbahnen,Berlin,4,631159,631.159,2737837,2737.837
99,2005,Liniennahverkehr mit Straßenbahnen,Brandenburg,28,46594,46.594,150801,150.801
100,2005,Liniennahverkehr mit Straßenbahnen,Bremen,4,56255,56.255,285339,285.339
101,2005,Liniennahverkehr mit Straßenbahnen,Hamburg,4,176715,176.715,1054991,1054.991
102,2005,Liniennahverkehr mit Straßenbahnen,Hessen,16,185184,185.184,691315,691.315
103,2005,Liniennahverkehr mit Straßenbahnen,Mecklenburg-Vorpommern,8,41401,41.401,195614,195.614
104,2005,Liniennahverkehr mit Straßenbahnen,Niedersachsen,8,173023,173.023,654239,654.239
105,2005,Liniennahverkehr mit Straßenbahnen,Nordrhein-Westfalen,51,696075,696.075,3255520,3255.52
106,2005,Liniennahverkehr mit Straßenbahnen,Rheinland-Pfalz,8,20248,20.248,96200,96.2
107,2005,Liniennahverkehr mit Straßenbahnen,Saarland,4,10088,10.088,49324,49.324
108,2005,Liniennahverkehr mit Straßenbahnen,Sachsen,28,236530,236.53,1280509,1280.509
109,2005,Liniennahverkehr mit Straßenbahnen,Sachsen-Anhalt,16,118094,118.094,588566,588.566
110,2005,Liniennahverkehr mit Straßenbahnen,Schleswig-Holstein,0,0,0.0,0,0.0
111,2005,Liniennahverkehr mit Straßenbahnen,Thüringen,20,60518,60.518,334610,334.61
112,2005,Liniennahverkehr mit Omnibussen,Baden-Württemberg,543,624507,624.507,4554959,4554.959
113,2005,Liniennahverkehr mit Omnibussen,Bayern,845,695129,695.129,4805306,4805.306
114,2005,Liniennahverkehr mit Omnibussen,Berlin,12,404920,404.92,1333649,1333.649
115,2005,Liniennahverkehr mit Omnibussen,Brandenburg,101,93004,93.004,1154889,1154.889
116,2005,Liniennahverkehr mit Omnibussen,Bremen,12,88717,88.717,668654,668.654
117,2005,Liniennahverkehr mit Omnibussen,Hamburg,12,236875,236.875,825712,825.712
118,2005,Liniennahverkehr mit Omnibussen,Hessen,300,277731,277.731,1729653,1729.653
119,2005,Liniennahverkehr mit Omnibussen,Mecklenburg-Vorpommern,108,78821,78.821,707404,707.404
120,2005,Liniennahverkehr mit Omnibussen,Niedersachsen,336,367283,367.283,2862082,2862.082
121,2005,Liniennahverkehr mit Omnibussen,Nordrhein-Westfalen,450,1429948,1429.948,8557804,8557.804
122,2005,Liniennahverkehr mit Omnibussen,Rheinland-Pfalz,168,225257,225.257,2131880,2131.88
123,2005,Liniennahverkehr mit Omnibussen,Saarland,20,85770,85.77,713537,713.537
124,2005,Liniennahverkehr mit Omnibussen,Sachsen,152,213202,213.202,1504237,1504.237
125,2005,Liniennahverkehr mit Omnibussen,Sachsen-Anhalt,120,95035,95.035,961325,961.325
126,2005,Liniennahverkehr mit Omnibussen,Schleswig-Holstein,138,198808,198.808,1720324,1720.324
127,2005,Liniennahverkehr mit Omnibussen,Thüringen,135,110176,110.176,797422,797.422
144,2006,Liniennahverkehr mit Eisenbahnen,Baden-Württemberg,40,121794,121.794,1681941,1681.941
145,2006,Liniennahverkehr mit Eisenbahnen,Bayern,12,5077,5.077,155123,155.123
146,2006,Liniennahverkehr mit Eisenbahnen,Berlin,4,375800,375.8,3570000,3570.0
147,2006,Liniennahverkehr mit Eisenbahnen,Brandenburg,4,3476,3.476,75807,75.807
148,2006,Liniennahverkehr mit Eisenbahnen,Bremen,0,0,0.0,0,0.0
149,2006,Liniennahverkehr mit Eisenbahnen,Hamburg,8,174879,174.879,1707818,1707.818
150,2006,Liniennahverkehr mit Eisenbahnen,Hessen,16,995917,995.917,25134111,25134.111
151,2006,Liniennahverkehr mit Eisenbahnen,Mecklenburg-Vorpommern,16,5681,5.681,134250,134.25
152,2006,Liniennahverkehr mit Eisenbahnen,Niedersachsen,20,31210,31.21,1326010,1326.01
153,2006,Liniennahverkehr mit Eisenbahnen,Nordrhein-Westfalen,16,329699,329.699,8240913,8240.913
154,2006,Liniennahverkehr mit Eisenbahnen,Rheinland-Pfalz,22,7664,7.664,67544,67.544
155,2006,Liniennahverkehr mit Eisenbahnen,Saarland,0,0,0.0,0,0.0
156,2006,Liniennahverkehr mit Eisenbahnen,Sachsen,12,7706,7.706,192685,192.685
157,2006,Liniennahverkehr mit Eisenbahnen,Sachsen-Anhalt,16,4958,4.958,133547,133.547
158,2006,Liniennahverkehr mit Eisenbahnen,Schleswig-Holstein,16,40982,40.982,1609766,1609.766
159,2006,Liniennahverkehr mit Eisenbahnen,Thüringen,8,4610,4.61,247654,247.654
160,2006,Liniennahverkehr mit Straßenbahnen,Baden-Württemberg,24,383745,383.745,1646555,1646.555
161,2006,Liniennahverkehr mit Straßenbahnen,Bayern,20,634505,634.505,2397950,2397.95
162,2006,Liniennahverkehr mit Straßenbahnen,Berlin,4,639943,639.943,2752737,2752.737
163,2006,Liniennahverkehr mit Straßenbahnen,Brandenburg,28,41912,41.912,141385,141.385
164,2006,Liniennahverkehr mit Straßenbahnen,Bremen,4,56273,56.273,285464,285.464
165,2006,Liniennahverkehr mit Straßenbahnen,Hamburg,4,180093,180.093,1071491,1071.491
166,2006,Liniennahverkehr mit Straßenbahnen,Hessen,16,195845,195.845,727835,727.835
167,2006,Liniennahverkehr mit Straßenbahnen,Mecklenburg-Vorpommern,8,41447,41.447,197045,197.045
168,2006,Liniennahverkehr mit Straßenbahnen,Niedersachsen,8,173555,173.555,655305,655.305
169,2006,Liniennahverkehr mit Straßenbahnen,Nordrhein-Westfalen,51,701904,701.904,3242029,3242.029
170,2006,Liniennahverkehr mit Straßenbahnen,Rheinland-Pfalz,8,19237,19.237,98221,98.221
171,2006,Liniennahverkehr mit Straßenbahnen,Saarland,4,10486,10.486,52887,52.887
172,2006,Liniennahverkehr mit Straßenbahnen,Sachsen,28,239153,239.153,1300482,1300.482
173,2006,Liniennahverkehr mit Straßenbahnen,Sachsen-Anhalt,16,116188,116.188,579491,579.491
174,2006,Liniennahverkehr mit Straßenbahnen,Schleswig-Holstein,0,0,0.0,0,0.0
175,2006,Liniennahverkehr mit Straßenbahnen,Thüringen,20,57542,57.542,319884,319.884
176,2006,Liniennahverkehr mit Omnibussen,Baden-Württemberg,602,645544,645.544,4790359,4790.359
177,2006,Liniennahverkehr mit Omnibussen,Bayern,898,712995,712.995,4972946,4972.946
178,2006,Liniennahverkehr mit Omnibussen,Berlin,12,404056,404.056,1323992,1323.992
179,2006,Liniennahverkehr mit Omnibussen,Brandenburg,100,92249,92.249,1123256,1123.256
180,2006,Liniennahverkehr mit Omnibussen,Bremen,12,86111,86.111,655021,655.021
181,2006,Liniennahverkehr mit Omnibussen,Hamburg,16,242292,242.292,826497,826.497
182,2006,Liniennahverkehr mit Omnibussen,Hessen,370,268831,268.831,1842812,1842.812
183,2006,Liniennahverkehr mit Omnibussen,Mecklenburg-Vorpommern,108,75491,75.491,679301,679.301
184,2006,Liniennahverkehr mit Omnibussen,Niedersachsen,360,380701,380.701,3014349,3014.349
185,2006,Liniennahverkehr mit Omnibussen,Nordrhein-Westfalen,395,1450777,1450.777,8689772,8689.772
186,2006,Liniennahverkehr mit Omnibussen,Rheinland-Pfalz,154,225418,225.418,2183806,2183.806
187,2006,Liniennahverkehr mit Omnibussen,Saarland,20,85216,85.216,707194,707.194
188,2006,Liniennahverkehr mit Omnibussen,Sachsen,164,209087,209.087,1502002,1502.002
189,2006,Liniennahverkehr mit Omnibussen,Sachsen-Anhalt,116,89022,89.022,932650,932.65
190,2006,Liniennahverkehr mit Omnibussen,Schleswig-Holstein,118,189364,189.364,1693913,1693.913
191,2006,Liniennahverkehr mit Omnibussen,Thüringen,120,108279,108.279,785102,785.102
208,2007,Liniennahverkehr mit Eisenbahnen,Baden-Württemberg,40,126510,126.51,1719909,1719.909
209,2007,Liniennahverkehr mit Eisenbahnen,Bayern,12,5282,5.282,159292,159.292
210,2007,Liniennahverkehr mit Eisenbahnen,Berlin,4,370500,370.5,3708705,3708.705
211,2007,Liniennahverkehr mit Eisenbahnen,Brandenburg,4,4829,4.829,95229,95.229
212,2007,Liniennahverkehr mit Eisenbahnen,Bremen,0,0,0.0,0,0.0
213,2007,Liniennahverkehr mit Eisenbahnen,Hamburg,8,171034,171.034,1671197,1671.197
214,2007,Liniennahverkehr mit Eisenbahnen,Hessen,16,1012933,1012.933,26309113,26309.113
215,2007,Liniennahverkehr mit Eisenbahnen,Mecklenburg-Vorpommern,16,6121,6.121,139901,139.901
216,2007,Liniennahverkehr mit Eisenbahnen,Niedersachsen,20,34878,34.878,1435190,1435.19
217,2007,Liniennahverkehr mit Eisenbahnen,Nordrhein-Westfalen,16,333719,333.719,8353165,8353.165
218,2007,Liniennahverkehr mit Eisenbahnen,Rheinland-Pfalz,20,7243,7.243,65580,65.58
219,2007,Liniennahverkehr mit Eisenbahnen,Saarland,0,0,0.0,0,0.0
220,2007,Liniennahverkehr mit Eisenbahnen,Sachsen,12,7257,7.257,168668,168.668
221,2007,Liniennahverkehr mit Eisenbahnen,Sachsen-Anhalt,17,7450,7.45,211763,211.763
222,2007,Liniennahverkehr mit Eisenbahnen,Schleswig-Holstein,12,15796,15.796,624358,624.358
223,2007,Liniennahverkehr mit Eisenbahnen,Thüringen,8,4426,4.426,240992,240.992
224,2007,Liniennahverkehr mit Straßenbahnen,Baden-Württemberg,24,390358,390.358,1661727,1661.727
225,2007,Liniennahverkehr mit Straßenbahnen,Bayern,20,644277,644.277,2493926,2493.926
226,2007,Liniennahverkehr mit Straßenbahnen,Berlin,4,643728,643.728,2784663,2784.663
227,2007,Liniennahverkehr mit Straßenbahnen,Brandenburg,28,44139,44.139,134966,134.966
228,2007,Liniennahverkehr mit Straßenbahnen,Bremen,4,56715,56.715,287685,287.685
229,2007,Liniennahverkehr mit Straßenbahnen,Hamburg,4,195180,195.18,1165225,1165.225
230,2007,Liniennahverkehr mit Straßenbahnen,Hessen,16,212253,212.253,887771,887.771
231,2007,Liniennahverkehr mit Straßenbahnen,Mecklenburg-Vorpommern,8,38635,38.635,188709,188.709
232,2007,Liniennahverkehr mit Straßenbahnen,Niedersachsen,8,179174,179.174,686175,686.175
233,2007,Liniennahverkehr mit Straßenbahnen,Nordrhein-Westfalen,52,704585,704.585,3236680,3236.68
234,2007,Liniennahverkehr mit Straßenbahnen,Rheinland-Pfalz,8,31116,31.116,157717,157.717
235,2007,Liniennahverkehr mit Straßenbahnen,Saarland,4,10389,10.389,54134,54.134
236,2007,Liniennahverkehr mit Straßenbahnen,Sachsen,28,241877,241.877,1292599,1292.599
237,2007,Liniennahverkehr mit Straßenbahnen,Sachsen-Anhalt,16,111590,111.59,560068,560.068
238,2007,Liniennahverkehr mit Straßenbahnen,Schleswig-Holstein,0,0,0.0,0,0.0
239,2007,Liniennahverkehr mit Straßenbahnen,Thüringen,20,59280,59.28,321641,321.641
240,2007,Liniennahverkehr mit Omnibussen,Baden-Württemberg,604,648226,648.226,4819665,4819.665
241,2007,Liniennahverkehr mit Omnibussen,Bayern,890,709912,709.912,4955220,4955.22
242,2007,Liniennahverkehr mit Omnibussen,Berlin,12,385339,385.339,1263746,1263.746
243,2007,Liniennahverkehr mit Omnibussen,Brandenburg,100,91608,91.608,1131140,1131.14
244,2007,Liniennahverkehr mit Omnibussen,Bremen,12,91546,91.546,737910,737.91
245,2007,Liniennahverkehr mit Omnibussen,Hamburg,16,251183,251.183,854856,854.856
246,2007,Liniennahverkehr mit Omnibussen,Hessen,357,279576,279.576,1811609,1811.609
247,2007,Liniennahverkehr mit Omnibussen,Mecklenburg-Vorpommern,108,68908,68.908,645721,645.721
248,2007,Liniennahverkehr mit Omnibussen,Niedersachsen,353,389553,389.553,3105838,3105.838
249,2007,Liniennahverkehr mit Omnibussen,Nordrhein-Westfalen,394,1446258,1446.258,8686785,8686.785
250,2007,Liniennahverkehr mit Omnibussen,Rheinland-Pfalz,152,215613,215.613,2109841,2109.841
251,2007,Liniennahverkehr mit Omnibussen,Saarland,20,84912,84.912,719518,719.518
252,2007,Liniennahverkehr mit Omnibussen,Sachsen,164,211953,211.953,1476226,1476.226
253,2007,Liniennahverkehr mit Omnibussen,Sachsen-Anhalt,107,87329,87.329,936137,936.137
254,2007,Liniennahverkehr mit Omnibussen,Schleswig-Holstein,116,196625,196.625,1704962,1704.962
255,2007,Liniennahverkehr mit Omnibussen,Thüringen,120,103040,103.04,745089,745.089
272,2008,Liniennahverkehr mit Eisenbahnen,Baden-Württemberg,40,141056,141.056,1916513,1916.513
273,2008,Liniennahverkehr mit Eisenbahnen,Bayern,12,4971,4.971,147794,147.794
274,2008,Liniennahverkehr mit Eisenbahnen,Berlin,4,388100,388.1,3885000,3885.0
275,2008,Liniennahverkehr mit Eisenbahnen,Brandenburg,4,5270,5.27,97911,97.911
277,2008,Liniennahverkehr mit Eisenbahnen,Hamburg,8,196567,196.567,1605269,1605.269
278,2008,Liniennahverkehr mit Eisenbahnen,Hessen,20,1047231,1047.231,27246292,27246.292
279,2008,Liniennahverkehr mit Eisenbahnen,Mecklenburg-Vorpommern,16,6684,6.684,154870,154.87
280,2008,Liniennahverkehr mit Eisenbahnen,Niedersachsen,20,45711,45.711,1925667,1925.667
281,2008,Liniennahverkehr mit Eisenbahnen,Nordrhein-Westfalen,16,333130,333.13,8202181,8202.181
282,2008,Liniennahverkehr mit Eisenbahnen,Rheinland-Pfalz,20,7188,7.188,64939,64.939
284,2008,Liniennahverkehr mit Eisenbahnen,Sachsen,12,12295,12.295,639973,639.973
285,2008,Liniennahverkehr mit Eisenbahnen,Sachsen-Anhalt,8,3487,3.487,113240,113.24
286,2008,Liniennahverkehr mit Eisenbahnen,Schleswig-Holstein,12,16843,16.843,615297,615.297
287,2008,Liniennahverkehr mit Eisenbahnen,Thüringen,8,4410,4.41,245324,245.324
288,2008,Liniennahverkehr mit Straßenbahnen,Baden-Württemberg,28,400610,400.61,1710206,1710.206
289,2008,Liniennahverkehr mit Straßenbahnen,Bayern,20,664895,664.895,2577074,2577.074
290,2008,Liniennahverkehr mit Straßenbahnen,Berlin,4,603654,603.654,2596803,2596.803
291,2008,Liniennahverkehr mit Straßenbahnen,Brandenburg,28,45672,45.672,134859,134.859
292,2008,Liniennahverkehr mit Straßenbahnen,Bremen,4,57511,57.511,291710,291.71
293,2008,Liniennahverkehr mit Straßenbahnen,Hamburg,4,215748,215.748,1288017,1288.017
294,2008,Liniennahverkehr mit Straßenbahnen,Hessen,16,209958,209.958,887668,887.668
295,2008,Liniennahverkehr mit Straßenbahnen,Mecklenburg-Vorpommern,8,37648,37.648,182808,182.808
296,2008,Liniennahverkehr mit Straßenbahnen,Niedersachsen,8,179004,179.004,690359,690.359
297,2008,Liniennahverkehr mit Straßenbahnen,Nordrhein-Westfalen,56,718487,718.487,3341961,3341.961
298,2008,Liniennahverkehr mit Straßenbahnen,Rheinland-Pfalz,8,32172,32.172,159693,159.693
299,2008,Liniennahverkehr mit Straßenbahnen,Saarland,4,10504,10.504,56630,56.63
300,2008,Liniennahverkehr mit Straßenbahnen,Sachsen,28,245034,245.034,1313435,1313.435
301,2008,Liniennahverkehr mit Straßenbahnen,Sachsen-Anhalt,16,112183,112.183,578021,578.021
303,2008,Liniennahverkehr mit Straßenbahnen,Thüringen,20,59885,59.885,315656,315.656
304,2008,Liniennahverkehr mit Omnibussen,Baden-Württemberg,604,646211,646.211,4807370,4807.37
305,2008,Liniennahverkehr mit Omnibussen,Bayern,879,722100,722.1,5076983,5076.983
306,2008,Liniennahverkehr mit Omnibussen,Berlin,12,350046,350.046,1165507,1165.507
307,2008,Liniennahverkehr mit Omnibussen,Brandenburg,96,90494,90.494,1105943,1105.943
308,2008,Liniennahverkehr mit Omnibussen,Bremen,12,93323,93.323,752064,752.064
309,2008,Liniennahverkehr mit Omnibussen,Hamburg,16,254607,254.607,862976,862.976
310,2008,Liniennahverkehr mit Omnibussen,Hessen,320,277898,277.898,1860074,1860.074
311,2008,Liniennahverkehr mit Omnibussen,Mecklenburg-Vorpommern,112,66406,66.406,628265,628.265
312,2008,Liniennahverkehr mit Omnibussen,Niedersachsen,351,383949,383.949,3032142,3032.142
313,2008,Liniennahverkehr mit Omnibussen,Nordrhein-Westfalen,388,1465261,1465.261,8829282,8829.282
314,2008,Liniennahverkehr mit Omnibussen,Rheinland-Pfalz,152,210711,210.711,2083390,2083.39
315,2008,Liniennahverkehr mit Omnibussen,Saarland,20,88166,88.166,750145,750.145
316,2008,Liniennahverkehr mit Omnibussen,Sachsen,164,210106,210.106,1447734,1447.734
317,2008,Liniennahverkehr mit Omnibussen,Sachsen-Anhalt,106,84146,84.146,929851,929.851
318,2008,Liniennahverkehr mit Omnibussen,Schleswig-Holstein,112,198910,198.91,1743583,1743.583
319,2008,Liniennahverkehr mit Omnibussen,Thüringen,120,101292,101.292,722872,722.872
336,2009,Liniennahverkehr mit Eisenbahnen,Baden-Württemberg,40,148827,148.827,1905272,1905.272
337,2009,Liniennahverkehr mit Eisenbahnen,Bayern,12,5167,5.167,153271,153.271
338,2009,Liniennahverkehr mit Eisenbahnen,Berlin,4,370952,370.952,3641953,3641.953
339,2009,Liniennahverkehr mit Eisenbahnen,Brandenburg,4,5250,5.25,96920,96.92
341,2009,Liniennahverkehr mit Eisenbahnen,Hamburg,8,199049,199.049,1640409,1640.409
342,2009,Liniennahverkehr mit Eisenbahnen,Hessen,20,1055737,1055.737,27371995,27371.995
343,2009,Liniennahverkehr mit Eisenbahnen,Mecklenburg-Vorpommern,16,6567,6.567,157893,157.893
344,2009,Liniennahverkehr mit Eisenbahnen,Niedersachsen,20,46551,46.551,1919772,1919.772
345,2009,Liniennahverkehr mit Eisenbahnen,Nordrhein-Westfalen,16,318706,318.706,7807181,7807.181
346,2009,Liniennahverkehr mit Eisenbahnen,Rheinland-Pfalz,20,7146,7.146,64391,64.391
348,2009,Liniennahverkehr mit Eisenbahnen,Sachsen,12,11230,11.23,605474,605.474
349,2009,Liniennahverkehr mit Eisenbahnen,Sachsen-Anhalt,8,3428,3.428,109153,109.153
350,2009,Liniennahverkehr mit Eisenbahnen,Schleswig-Holstein,12,17006,17.006,676991,676.991
351,2009,Liniennahverkehr mit Eisenbahnen,Thüringen,8,4405,4.405,244989,244.989
352,2009,Liniennahverkehr mit Straßenbahnen,Baden-Württemberg,28,405936,405.936,1728421,1728.421
353,2009,Liniennahverkehr mit Straßenbahnen,Bayern,20,671673,671.673,2615689,2615.689
354,2009,Liniennahverkehr mit Straßenbahnen,Berlin,4,675644,675.644,3000096,3000.096
355,2009,Liniennahverkehr mit Straßenbahnen,Brandenburg,28,43516,43.516,131163,131.163
356,2009,Liniennahverkehr mit Straßenbahnen,Bremen,4,54516,54.516,276535,276.535
357,2009,Liniennahverkehr mit Straßenbahnen,Hamburg,4,201111,201.111,1200631,1200.631
358,2009,Liniennahverkehr mit Straßenbahnen,Hessen,16,214998,214.998,907684,907.684
359,2009,Liniennahverkehr mit Straßenbahnen,Mecklenburg-Vorpommern,8,37876,37.876,155251,155.251
360,2009,Liniennahverkehr mit Straßenbahnen,Niedersachsen,8,176188,176.188,683672,683.672
361,2009,Liniennahverkehr mit Straßenbahnen,Nordrhein-Westfalen,52,724458,724.458,3375195,3375.195
362,2009,Liniennahverkehr mit Straßenbahnen,Rheinland-Pfalz,8,30643,30.643,157772,157.772
363,2009,Liniennahverkehr mit Straßenbahnen,Saarland,4,10365,10.365,55767,55.767
364,2009,Liniennahverkehr mit Straßenbahnen,Sachsen,28,249071,249.071,1320618,1320.618
365,2009,Liniennahverkehr mit Straßenbahnen,Sachsen-Anhalt,16,112668,112.668,565399,565.399
367,2009,Liniennahverkehr mit Straßenbahnen,Thüringen,20,58127,58.127,278995,278.995
368,2009,Liniennahverkehr mit Omnibussen,Baden-Württemberg,595,632680,632.68,4668016,4668.016
369,2009,Liniennahverkehr mit Omnibussen,Bayern,875,715647,715.647,5076983,5076.983
370,2009,Liniennahverkehr mit Omnibussen,Berlin,12,382018,382.018,1280347,1280.347
371,2009,Liniennahverkehr mit Omnibussen,Brandenburg,92,89945,89.945,1113294,1113.294
372,2009,Liniennahverkehr mit Omnibussen,Bremen,12,97755,97.755,769158,769.158
373,2009,Liniennahverkehr mit Omnibussen,Hamburg,12,253238,253.238,872712,872.712
374,2009,Liniennahverkehr mit Omnibussen,Hessen,301,279386,279.386,1794330,1794.33
375,2009,Liniennahverkehr mit Omnibussen,Mecklenburg-Vorpommern,100,64846,64.846,599628,599.628
376,2009,Liniennahverkehr mit Omnibussen,Niedersachsen,348,383941,383.941,3003244,3003.244
377,2009,Liniennahverkehr mit Omnibussen,Nordrhein-Westfalen,388,1464420,1464.42,8855327,8855.327
378,2009,Liniennahverkehr mit Omnibussen,Rheinland-Pfalz,152,211506,211.506,2073457,2073.457
379,2009,Liniennahverkehr mit Omnibussen,Saarland,20,87270,87.27,749912,749.912
380,2009,Liniennahverkehr mit Omnibussen,Sachsen,164,208902,208.902,1435775,1435.775
381,2009,Liniennahverkehr mit Omnibussen,Sachsen-Anhalt,100,82991,82.991,917323,917.323
382,2009,Liniennahverkehr mit Omnibussen,Schleswig-Holstein,112,198528,198.528,1705811,1705.811
383,2009,Liniennahverkehr mit Omnibussen,Thüringen,118,101154,101.154,692641,692.641
400,2010,Liniennahverkehr mit Eisenbahnen,Baden-Württemberg,40,149650,149.65,1855703,1855.703
401,2010,Liniennahverkehr mit Eisenbahnen,Bayern,12,5177,5.177,153286,153.286
402,2010,Liniennahverkehr mit Eisenbahnen,Berlin,4,376481,376.481,3587862,3587.862
403,2010,Liniennahverkehr mit Eisenbahnen,Brandenburg,4,4992,4.992,89274,89.274
405,2010,Liniennahverkehr mit Eisenbahnen,Hamburg,8,222338,222.338,1912954,1912.954
406,2010,Liniennahverkehr mit Eisenbahnen,Hessen,20,1079725,1079.725,28020079,28020.079
407,2010,Liniennahverkehr mit Eisenbahnen,Mecklenburg-Vorpommern,16,6337,6.337,159065,159.065
408,2010,Liniennahverkehr mit Eisenbahnen,Niedersachsen,20,47198,47.198,1882346,1882.346
409,2010,Liniennahverkehr mit Eisenbahnen,Nordrhein-Westfalen,20,309743,309.743,7608437,7608.437
410,2010,Liniennahverkehr mit Eisenbahnen,Rheinland-Pfalz,16,5245,5.245,48030,48.03
412,2010,Liniennahverkehr mit Eisenbahnen,Sachsen,12,12794,12.794,593203,593.203
413,2010,Liniennahverkehr mit Eisenbahnen,Sachsen-Anhalt,8,3298,3.298,104134,104.134
414,2010,Liniennahverkehr mit Eisenbahnen,Schleswig-Holstein,12,16637,16.637,651135,651.135
415,2010,Liniennahverkehr mit Eisenbahnen,Thüringen,8,4405,4.405,244989,244.989
416,2010,Liniennahverkehr mit Straßenbahnen,Baden-Württemberg,24,409292,409.292,1730082,1730.082
417,2010,Liniennahverkehr mit Straßenbahnen,Bayern,20,687203,687.203,2656855,2656.855
418,2010,Liniennahverkehr mit Straßenbahnen,Berlin,4,662398,662.398,2855091,2855.091
419,2010,Liniennahverkehr mit Straßenbahnen,Brandenburg,28,44103,44.103,137830,137.83
420,2010,Liniennahverkehr mit Straßenbahnen,Bremen,4,55145,55.145,279745,279.745
421,2010,Liniennahverkehr mit Straßenbahnen,Hamburg,4,205361,205.361,1225998,1225.998
422,2010,Liniennahverkehr mit Straßenbahnen,Hessen,16,217796,217.796,918237,918.237
423,2010,Liniennahverkehr mit Straßenbahnen,Mecklenburg-Vorpommern,8,40085,40.085,156694,156.694
424,2010,Liniennahverkehr mit Straßenbahnen,Niedersachsen,8,181989,181.989,695976,695.976
425,2010,Liniennahverkehr mit Straßenbahnen,Nordrhein-Westfalen,51,722006,722.006,3344225,3344.225
426,2010,Liniennahverkehr mit Straßenbahnen,Rheinland-Pfalz,4,10833,10.833,52447,52.447
427,2010,Liniennahverkehr mit Straßenbahnen,Saarland,4,10476,10.476,58091,58.091
428,2010,Liniennahverkehr mit Straßenbahnen,Sachsen,28,258196,258.196,1389303,1389.303
429,2010,Liniennahverkehr mit Straßenbahnen,Sachsen-Anhalt,16,111509,111.509,551811,551.811
431,2010,Liniennahverkehr mit Straßenbahnen,Thüringen,20,63748,63.748,273275,273.275
432,2010,Liniennahverkehr mit Omnibussen,Baden-Württemberg,545,635376,635.376,4712383,4712.383
433,2010,Liniennahverkehr mit Omnibussen,Bayern,869,708314,708.314,4972333,4972.333
434,2010,Liniennahverkehr mit Omnibussen,Berlin,12,386948,386.948,1269328,1269.328
435,2010,Liniennahverkehr mit Omnibussen,Brandenburg,88,90741,90.741,1093845,1093.845
436,2010,Liniennahverkehr mit Omnibussen,Bremen,12,100582,100.582,798907,798.907
437,2010,Liniennahverkehr mit Omnibussen,Hamburg,12,256483,256.483,871880,871.88
438,2010,Liniennahverkehr mit Omnibussen,Hessen,280,259484,259.484,1688832,1688.832
439,2010,Liniennahverkehr mit Omnibussen,Mecklenburg-Vorpommern,96,66633,66.633,611306,611.306
440,2010,Liniennahverkehr mit Omnibussen,Niedersachsen,348,392618,392.618,3091388,3091.388
441,2010,Liniennahverkehr mit Omnibussen,Nordrhein-Westfalen,388,1449349,1449.349,8746446,8746.446
442,2010,Liniennahverkehr mit Omnibussen,Rheinland-Pfalz,148,197915,197.915,2017692,2017.692
443,2010,Liniennahverkehr mit Omnibussen,Saarland,20,85775,85.775,728342,728.342
444,2010,Liniennahverkehr mit Omnibussen,Sachsen,160,214273,214.273,1473959,1473.959
445,2010,Liniennahverkehr mit Omnibussen,Sachsen-Anhalt,97,82639,82.639,909208,909.208
446,2010,Liniennahverkehr mit Omnibussen,Schleswig-Holstein,112,201201,201.201,1725900,1725.9
447,2010,Liniennahverkehr mit Omnibussen,Thüringen,120,93938,93.938,670994,670.994
464,2011,Liniennahverkehr mit Eisenbahnen,Baden-Württemberg,40,159034,159.034,2015376,2015.376
465,2011,Liniennahverkehr mit Eisenbahnen,Bayern,12,8726,8.726,215780,215.78
466,2011,Liniennahverkehr mit Eisenbahnen,Berlin,12,406569,406.569,4321747,4321.747
467,2011,Liniennahverkehr mit Eisenbahnen,Brandenburg,4,2918,2.918,59385,59.385
469,2011,Liniennahverkehr mit Eisenbahnen,Hamburg,8,222349,222.349,1912077,1912.077
470,2011,Liniennahverkehr mit Eisenbahnen,Hessen,20,1102842,1102.842,28817972,28817.972
471,2011,Liniennahverkehr mit Eisenbahnen,Mecklenburg-Vorpommern,20,6741,6.741,161880,161.88
472,2011,Liniennahverkehr mit Eisenbahnen,Niedersachsen,20,58996,58.996,2266542,2266.542
473,2011,Liniennahverkehr mit Eisenbahnen,Nordrhein-Westfalen,28,378112,378.112,8140948,8140.948
474,2011,Liniennahverkehr mit Eisenbahnen,Rheinland-Pfalz,20,7755,7.755,70657,70.657
476,2011,Liniennahverkehr mit Eisenbahnen,Sachsen,16,13194,13.194,590536,590.536
477,2011,Liniennahverkehr mit Eisenbahnen,Sachsen-Anhalt,8,3210,3.21,103413,103.413
478,2011,Liniennahverkehr mit Eisenbahnen,Schleswig-Holstein,12,15374,15.374,587202,587.202
479,2011,Liniennahverkehr mit Eisenbahnen,Thüringen,8,4405,4.405,244989,244.989
480,2011,Liniennahverkehr mit Straßenbahnen,Baden-Württemberg,24,428026,428.026,1746759,1746.759
481,2011,Liniennahverkehr mit Straßenbahnen,Bayern,20,699870,699.87,2715361,2715.361
482,2011,Liniennahverkehr mit Straßenbahnen,Berlin,4,679552,679.552,2874997,2874.997
483,2011,Liniennahverkehr mit Straßenbahnen,Brandenburg,28,43220,43.22,133504,133.504
484,2011,Liniennahverkehr mit Straßenbahnen,Bremen,4,56111,56.111,282920,282.92
485,2011,Liniennahverkehr mit Straßenbahnen,Hamburg,4,199034,199.034,1188232,1188.232
486,2011,Liniennahverkehr mit Straßenbahnen,Hessen,16,220663,220.663,931920,931.92
487,2011,Liniennahverkehr mit Straßenbahnen,Mecklenburg-Vorpommern,8,38210,38.21,150881,150.881
488,2011,Liniennahverkehr mit Straßenbahnen,Niedersachsen,8,178504,178.504,688995,688.995
489,2011,Liniennahverkehr mit Straßenbahnen,Nordrhein-Westfalen,52,730757,730.757,3427004,3427.004
490,2011,Liniennahverkehr mit Straßenbahnen,Rheinland-Pfalz,4,10936,10.936,53871,53.871
491,2011,Liniennahverkehr mit Straßenbahnen,Saarland,4,10707,10.707,58726,58.726
492,2011,Liniennahverkehr mit Straßenbahnen,Sachsen,28,259290,259.29,1391309,1391.309
493,2011,Liniennahverkehr mit Straßenbahnen,Sachsen-Anhalt,16,113921,113.921,557441,557.441
495,2011,Liniennahverkehr mit Straßenbahnen,Thüringen,20,66899,66.899,270623,270.623
496,2011,Liniennahverkehr mit Omnibussen,Baden-Württemberg,533,635459,635.459,4687791,4687.791
497,2011,Liniennahverkehr mit Omnibussen,Bayern,955,734045,734.045,5422226,5422.226
498,2011,Liniennahverkehr mit Omnibussen,Berlin,16,386500,386.5,1265697,1265.697
499,2011,Liniennahverkehr mit Omnibussen,Brandenburg,84,91086,91.086,1106217,1106.217
500,2011,Liniennahverkehr mit Omnibussen,Bremen,12,100858,100.858,805525,805.525
501,2011,Liniennahverkehr mit Omnibussen,Hamburg,12,269077,269.077,915791,915.791
502,2011,Liniennahverkehr mit Omnibussen,Hessen,300,318059,318.059,2040129,2040.129
503,2011,Liniennahverkehr mit Omnibussen,Mecklenburg-Vorpommern,96,65687,65.687,614616,614.616
504,2011,Liniennahverkehr mit Omnibussen,Niedersachsen,370,396081,396.081,3114247,3114.247
505,2011,Liniennahverkehr mit Omnibussen,Nordrhein-Westfalen,412,1461472,1461.472,8856489,8856.489
506,2011,Liniennahverkehr mit Omnibussen,Rheinland-Pfalz,144,200605,200.605,2024857,2024.857
507,2011,Liniennahverkehr mit Omnibussen,Saarland,20,84870,84.87,724302,724.302
508,2011,Liniennahverkehr mit Omnibussen,Sachsen,168,216414,216.414,1491857,1491.857
509,2011,Liniennahverkehr mit Omnibussen,Sachsen-Anhalt,92,77430,77.43,831479,831.479
510,2011,Liniennahverkehr mit Omnibussen,Schleswig-Holstein,118,207579,207.579,1718914,1718.914
511,2011,Liniennahverkehr mit Omnibussen,Thüringen,118,95149,95.149,678638,678.638
528,2012,Liniennahverkehr mit Eisenbahnen,Baden-Württemberg,40,166462,166.462,2122921,2122.921
529,2012,Liniennahverkehr mit Eisenbahnen,Bayern,12,9040,9.04,219248,219.248
530,2012,Liniennahverkehr mit Eisenbahnen,Berlin,12,416276,416.276,4773403,4773.403
531,2012,Liniennahverkehr mit Eisenbahnen,Brandenburg,4,556,0.556,11679,11.679
533,2012,Liniennahverkehr mit Eisenbahnen,Hamburg,8,215558,215.558,1783502,1783.502
534,2012,Liniennahverkehr mit Eisenbahnen,Hessen,20,1118098,1118.098,29123808,29123.808
535,2012,Liniennahverkehr mit Eisenbahnen,Mecklenburg-Vorpommern,20,6668,6.668,160538,160.538
536,2012,Liniennahverkehr mit Eisenbahnen,Niedersachsen,20,80578,80.578,2877824,2877.824
537,2012,Liniennahverkehr mit Eisenbahnen,Nordrhein-Westfalen,24,349762,349.762,8591591,8591.591
538,2012,Liniennahverkehr mit Eisenbahnen,Rheinland-Pfalz,16,15127,15.127,326495,326.495
540,2012,Liniennahverkehr mit Eisenbahnen,Sachsen,16,12601,12.601,577734,577.734
541,2012,Liniennahverkehr mit Eisenbahnen,Sachsen-Anhalt,8,3329,3.329,104684,104.684
542,2012,Liniennahverkehr mit Eisenbahnen,Schleswig-Holstein,12,13925,13.925,492417,492.417
543,2012,Liniennahverkehr mit Eisenbahnen,Thüringen,8,4427,4.427,246177,246.177
544,2012,Liniennahverkehr mit Straßenbahnen,Baden-Württemberg,24,415865,415.865,1655000,1655.0
545,2012,Liniennahverkehr mit Straßenbahnen,Bayern,20,711414,711.414,2761841,2761.841
546,2012,Liniennahverkehr mit Straßenbahnen,Berlin,4,681707,681.707,2884803,2884.803
547,2012,Liniennahverkehr mit Straßenbahnen,Brandenburg,28,44496,44.496,134138,134.138
548,2012,Liniennahverkehr mit Straßenbahnen,Bremen,4,56859,56.859,284292,284.292
549,2012,Liniennahverkehr mit Straßenbahnen,Hamburg,4,209392,209.392,1250066,1250.066
550,2012,Liniennahverkehr mit Straßenbahnen,Hessen,16,220242,220.242,930970,930.97
551,2012,Liniennahverkehr mit Straßenbahnen,Mecklenburg-Vorpommern,8,38267,38.267,149792,149.792
552,2012,Liniennahverkehr mit Straßenbahnen,Niedersachsen,8,183620,183.62,715739,715.739
553,2012,Liniennahverkehr mit Straßenbahnen,Nordrhein-Westfalen,52,740311,740.311,3483145,3483.145
554,2012,Liniennahverkehr mit Straßenbahnen,Rheinland-Pfalz,4,11277,11.277,54726,54.726
555,2012,Liniennahverkehr mit Straßenbahnen,Saarland,4,10705,10.705,58473,58.473
556,2012,Liniennahverkehr mit Straßenbahnen,Sachsen,28,261780,261.78,1406948,1406.948
557,2012,Liniennahverkehr mit Straßenbahnen,Sachsen-Anhalt,16,112453,112.453,551369,551.369
559,2012,Liniennahverkehr mit Straßenbahnen,Thüringen,20,65140,65.14,234265,234.265
560,2012,Liniennahverkehr mit Omnibussen,Baden-Württemberg,532,630525,630.525,4437374,4437.374
561,2012,Liniennahverkehr mit Omnibussen,Bayern,955,736665,736.665,5431875,5431.875
562,2012,Liniennahverkehr mit Omnibussen,Berlin,16,385375,385.375,1261684,1261.684
563,2012,Liniennahverkehr mit Omnibussen,Brandenburg,84,91319,91.319,1109908,1109.908
564,2012,Liniennahverkehr mit Omnibussen,Bremen,12,97340,97.34,755444,755.444
565,2012,Liniennahverkehr mit Omnibussen,Hamburg,12,283105,283.105,966081,966.081
566,2012,Liniennahverkehr mit Omnibussen,Hessen,288,303166,303.166,2007461,2007.461
567,2012,Liniennahverkehr mit Omnibussen,Mecklenburg-Vorpommern,96,66753,66.753,629348,629.348
568,2012,Liniennahverkehr mit Omnibussen,Niedersachsen,368,396275,396.275,3111430,3111.43
569,2012,Liniennahverkehr mit Omnibussen,Nordrhein-Westfalen,403,1477586,1477.586,8783179,8783.179
570,2012,Liniennahverkehr mit Omnibussen,Rheinland-Pfalz,140,197364,197.364,1667321,1667.321
571,2012,Liniennahverkehr mit Omnibussen,Saarland,20,82427,82.427,701304,701.304
572,2012,Liniennahverkehr mit Omnibussen,Sachsen,163,218475,218.475,1500695,1500.695
573,2012,Liniennahverkehr mit Omnibussen,Sachsen-Anhalt,84,80302,80.302,874043,874.043
574,2012,Liniennahverkehr mit Omnibussen,Schleswig-Holstein,116,202565,202.565,1701457,1701.457
575,2012,Liniennahverkehr mit Omnibussen,Thüringen,114,92631,92.631,638725,638.725
592,2013,Liniennahverkehr mit Eisenbahnen,Baden-Württemberg,40,167861,167.861,2149660,2149.66
593,2013,Liniennahverkehr mit Eisenbahnen,Bayern,12,10677,10.677,255002,255.002
594,2013,Liniennahverkehr mit Eisenbahnen,Berlin,12,421736,421.736,4740806,4740.806
597,2013,Liniennahverkehr mit Eisenbahnen,Hamburg,8,223534,223.534,1908365,1908.365
598,2013,Liniennahverkehr mit Eisenbahnen,Hessen,20,1454426,1454.426,37023851,37023.851
599,2013,Liniennahverkehr mit Eisenbahnen,Mecklenburg-Vorpommern,20,25490,25.49,993126,993.126
600,2013,Liniennahverkehr mit Eisenbahnen,Niedersachsen,20,81214,81.214,2881877,2881.877
601,2013,Liniennahverkehr mit Eisenbahnen,Nordrhein-Westfalen,20,31144,31.144,732036,732.036
602,2013,Liniennahverkehr mit Eisenbahnen,Rheinland-Pfalz,16,14394,14.394,340854,340.854
604,2013,Liniennahverkehr mit Eisenbahnen,Sachsen,16,12412,12.412,566139,566.139
605,2013,Liniennahverkehr mit Eisenbahnen,Sachsen-Anhalt,8,3171,3.171,105864,105.864
606,2013,Liniennahverkehr mit Eisenbahnen,Schleswig-Holstein,12,14380,14.38,501367,501.367
607,2013,Liniennahverkehr mit Eisenbahnen,Thüringen,8,8846,8.846,379436,379.436
608,2013,Liniennahverkehr mit Straßenbahnen,Baden-Württemberg,24,417464,417.464,1643007,1643.007
609,2013,Liniennahverkehr mit Straßenbahnen,Bayern,20,716170,716.17,2774139,2774.139
610,2013,Liniennahverkehr mit Straßenbahnen,Berlin,4,666065,666.065,2812159,2812.159
611,2013,Liniennahverkehr mit Straßenbahnen,Brandenburg,28,44006,44.006,138702,138.702
612,2013,Liniennahverkehr mit Straßenbahnen,Bremen,4,57648,57.648,288239,288.239
613,2013,Liniennahverkehr mit Straßenbahnen,Hamburg,4,213886,213.886,1276899,1276.899
614,2013,Liniennahverkehr mit Straßenbahnen,Hessen,16,223511,223.511,973349,973.349
615,2013,Liniennahverkehr mit Straßenbahnen,Mecklenburg-Vorpommern,8,38172,38.172,148037,148.037
616,2013,Liniennahverkehr mit Straßenbahnen,Niedersachsen,8,189949,189.949,736548,736.548
617,2013,Liniennahverkehr mit Straßenbahnen,Nordrhein-Westfalen,52,745784,745.784,3522875,3522.875
618,2013,Liniennahverkehr mit Straßenbahnen,Rheinland-Pfalz,4,10793,10.793,55447,55.447
619,2013,Liniennahverkehr mit Straßenbahnen,Saarland,4,10877,10.877,58798,58.798
620,2013,Liniennahverkehr mit Straßenbahnen,Sachsen,28,266167,266.167,1433224,1433.224
621,2013,Liniennahverkehr mit Straßenbahnen,Sachsen-Anhalt,16,114109,114.109,560827,560.827
623,2013,Liniennahverkehr mit Straßenbahnen,Thüringen,20,65542,65.542,240964,240.964
624,2013,Liniennahverkehr mit Omnibussen,Baden-Württemberg,529,619800,619.8,4223798,4223.798
625,2013,Liniennahverkehr mit Omnibussen,Bayern,945,729657,729.657,5320155,5320.155
626,2013,Liniennahverkehr mit Omnibussen,Berlin,16,409821,409.821,1340959,1340.959
627,2013,Liniennahverkehr mit Omnibussen,Brandenburg,84,96682,96.682,1137034,1137.034
628,2013,Liniennahverkehr mit Omnibussen,Bremen,12,97240,97.24,759209,759.209
629,2013,Liniennahverkehr mit Omnibussen,Hamburg,12,329053,329.053,1103425,1103.425
630,2013,Liniennahverkehr mit Omnibussen,Hessen,288,292763,292.763,2053174,2053.174
631,2013,Liniennahverkehr mit Omnibussen,Mecklenburg-Vorpommern,96,67160,67.16,627916,627.916
632,2013,Liniennahverkehr mit Omnibussen,Niedersachsen,368,405841,405.841,3224064,3224.064
633,2013,Liniennahverkehr mit Omnibussen,Nordrhein-Westfalen,394,1487886,1487.886,8865407,8865.407
634,2013,Liniennahverkehr mit Omnibussen,Rheinland-Pfalz,140,191571,191.571,1610542,1610.542
635,2013,Liniennahverkehr mit Omnibussen,Saarland,20,80287,80.287,668582,668.582
636,2013,Liniennahverkehr mit Omnibussen,Sachsen,152,221316,221.316,1497887,1497.887
637,2013,Liniennahverkehr mit Omnibussen,Sachsen-Anhalt,82,77929,77.929,832160,832.16
638,2013,Liniennahverkehr mit Omnibussen,Schleswig-Holstein,104,136982,136.982,1549569,1549.569
639,2013,Liniennahverkehr mit Omnibussen,Thüringen,106,93332,93.332,643724,643.724
656,2014,Liniennahverkehr mit Eisenbahnen,Baden-Württemberg,40,173023,173.023,2212422,2212.422
657,2014,Liniennahverkehr mit Eisenbahnen,Bayern,12,22712,22.712,876319,876.319
658,2014,Liniennahverkehr mit Eisenbahnen,Berlin,12,433307,433.307,4862470,4862.47
661,2014,Liniennahverkehr mit Eisenbahnen,Hamburg,7,228243,228.243,1948656,1948.656
662,2014,Liniennahverkehr mit Eisenbahnen,Hessen,19,1469984,1469.984,36922304,36922.304
663,2014,Liniennahverkehr mit Eisenbahnen,Mecklenburg-Vorpommern,16,25771,25.771,960388,960.388
664,2014,Liniennahverkehr mit Eisenbahnen,Niedersachsen,20,83009,83.009,3008721,3008.721
665,2014,Liniennahverkehr mit Eisenbahnen,Nordrhein-Westfalen,20,35551,35.551,760299,760.299
666,2014,Liniennahverkehr mit Eisenbahnen,Rheinland-Pfalz,16,13226,13.226,320399,320.399
668,2014,Liniennahverkehr mit Eisenbahnen,Sachsen,16,10623,10.623,532065,532.065
669,2014,Liniennahverkehr mit Eisenbahnen,Sachsen-Anhalt,9,3193,3.193,105876,105.876
670,2014,Liniennahverkehr mit Eisenbahnen,Schleswig-Holstein,14,16042,16.042,561112,561.112
671,2014,Liniennahverkehr mit Eisenbahnen,Thüringen,8,6795,6.795,229379,229.379
672,2014,Liniennahverkehr mit Straßenbahnen,Baden-Württemberg,24,419252,419.252,1652270,1652.27
673,2014,Liniennahverkehr mit Straßenbahnen,Bayern,20,742681,742.681,2887090,2887.09
674,2014,Liniennahverkehr mit Straßenbahnen,Berlin,4,698429,698.429,2910518,2910.518
675,2014,Liniennahverkehr mit Straßenbahnen,Brandenburg,28,42615,42.615,135521,135.521
676,2014,Liniennahverkehr mit Straßenbahnen,Bremen,4,57948,57.948,289742,289.742
677,2014,Liniennahverkehr mit Straßenbahnen,Hamburg,4,220098,220.098,1313985,1313.985
678,2014,Liniennahverkehr mit Straßenbahnen,Hessen,16,234013,234.013,983620,983.62
679,2014,Liniennahverkehr mit Straßenbahnen,Mecklenburg-Vorpommern,8,38312,38.312,147227,147.227
680,2014,Liniennahverkehr mit Straßenbahnen,Niedersachsen,8,189200,189.2,731322,731.322
681,2014,Liniennahverkehr mit Straßenbahnen,Nordrhein-Westfalen,48,747044,747.044,3536354,3536.354
682,2014,Liniennahverkehr mit Straßenbahnen,Rheinland-Pfalz,4,11072,11.072,56379,56.379
683,2014,Liniennahverkehr mit Straßenbahnen,Saarland,4,10785,10.785,58187,58.187
684,2014,Liniennahverkehr mit Straßenbahnen,Sachsen,28,261027,261.027,1405240,1405.24
685,2014,Liniennahverkehr mit Straßenbahnen,Sachsen-Anhalt,16,110467,110.467,509037,509.037
687,2014,Liniennahverkehr mit Straßenbahnen,Thüringen,20,66814,66.814,244170,244.17
688,2014,Liniennahverkehr mit Omnibussen,Baden-Württemberg,528,633930,633.93,4477610,4477.61
689,2014,Liniennahverkehr mit Omnibussen,Bayern,938,719566,719.566,5247523,5247.523
690,2014,Liniennahverkehr mit Omnibussen,Berlin,16,405490,405.49,1358940,1358.94
691,2014,Liniennahverkehr mit Omnibussen,Brandenburg,84,95339,95.339,1128974,1128.974
692,2014,Liniennahverkehr mit Omnibussen,Bremen,12,95106,95.106,751738,751.738
693,2014,Liniennahverkehr mit Omnibussen,Hamburg,12,322514,322.514,1094666,1094.666
694,2014,Liniennahverkehr mit Omnibussen,Hessen,277,293152,293.152,1964369,1964.369
695,2014,Liniennahverkehr mit Omnibussen,Mecklenburg-Vorpommern,80,67898,67.898,631084,631.084
696,2014,Liniennahverkehr mit Omnibussen,Niedersachsen,364,386237,386.237,3075426,3075.426
697,2014,Liniennahverkehr mit Omnibussen,Nordrhein-Westfalen,391,1469674,1469.674,8791214,8791.214
698,2014,Liniennahverkehr mit Omnibussen,Rheinland-Pfalz,135,192074,192.074,1664657,1664.657
699,2014,Liniennahverkehr mit Omnibussen,Saarland,20,75803,75.803,622137,622.137
700,2014,Liniennahverkehr mit Omnibussen,Sachsen,148,217669,217.669,1474457,1474.457
701,2014,Liniennahverkehr mit Omnibussen,Sachsen-Anhalt,80,79203,79.203,848388,848.388
702,2014,Liniennahverkehr mit Omnibussen,Schleswig-Holstein,104,137052,137.052,1452445,1452.445
703,2014,Liniennahverkehr mit Omnibussen,Thüringen,104,89370,89.37,638066,638.066
720,2015,Liniennahverkehr mit Eisenbahnen,Baden-Württemberg,36,173517,173.517,2220123,2220.123
721,2015,Liniennahverkehr mit Eisenbahnen,Bayern,12,23491,23.491,953552,953.552
722,2015,Liniennahverkehr mit Eisenbahnen,Berlin,8,421626,421.626,4414234,4414.234
725,2015,Liniennahverkehr mit Eisenbahnen,Hamburg,4,224152,224.152,1906432,1906.432
726,2015,Liniennahverkehr mit Eisenbahnen,Hessen,20,1451717,1451.717,36144630,36144.63
727,2015,Liniennahverkehr mit Eisenbahnen,Mecklenburg-Vorpommern,16,22438,22.438,862130,862.13
728,2015,Liniennahverkehr mit Eisenbahnen,Niedersachsen,20,83411,83.411,2869530,2869.53
729,2015,Liniennahverkehr mit Eisenbahnen,Nordrhein-Westfalen,24,58247,58.247,1468806,1468.806
730,2015,Liniennahverkehr mit Eisenbahnen,Rheinland-Pfalz,16,13004,13.004,311946,311.946
732,2015,Liniennahverkehr mit Eisenbahnen,Sachsen,16,10559,10.559,517467,517.467
733,2015,Liniennahverkehr mit Eisenbahnen,Sachsen-Anhalt,8,3253,3.253,110831,110.831
734,2015,Liniennahverkehr mit Eisenbahnen,Schleswig-Holstein,16,26287,26.287,780303,780.303
735,2015,Liniennahverkehr mit Eisenbahnen,Thüringen,8,6782,6.782,213837,213.837
736,2015,Liniennahverkehr mit Straßenbahnen,Baden-Württemberg,24,421012,421.012,1656484,1656.484
737,2015,Liniennahverkehr mit Straßenbahnen,Bayern,20,735517,735.517,2903243,2903.243
738,2015,Liniennahverkehr mit Straßenbahnen,Berlin,4,721614,721.614,3007136,3007.136
739,2015,Liniennahverkehr mit Straßenbahnen,Brandenburg,28,43948,43.948,135797,135.797
740,2015,Liniennahverkehr mit Straßenbahnen,Bremen,4,57612,57.612,288058,288.058
741,2015,Liniennahverkehr mit Straßenbahnen,Hamburg,4,222105,222.105,1325975,1325.975
742,2015,Liniennahverkehr mit Straßenbahnen,Hessen,16,240770,240.77,1011847,1011.847
743,2015,Liniennahverkehr mit Straßenbahnen,Mecklenburg-Vorpommern,8,38532,38.532,146061,146.061
744,2015,Liniennahverkehr mit Straßenbahnen,Niedersachsen,8,198765,198.765,780929,780.929
745,2015,Liniennahverkehr mit Straßenbahnen,Nordrhein-Westfalen,48,743673,743.673,3518831,3518.831
746,2015,Liniennahverkehr mit Straßenbahnen,Rheinland-Pfalz,4,11076,11.076,56870,56.87
747,2015,Liniennahverkehr mit Straßenbahnen,Saarland,4,11833,11.833,58263,58.263
748,2015,Liniennahverkehr mit Straßenbahnen,Sachsen,28,263069,263.069,1051824,1051.824
749,2015,Liniennahverkehr mit Straßenbahnen,Sachsen-Anhalt,16,113201,113.201,530593,530.593
751,2015,Liniennahverkehr mit Straßenbahnen,Thüringen,20,63953,63.953,232011,232.011
752,2015,Liniennahverkehr mit Omnibussen,Baden-Württemberg,517,624955,624.955,4491445,4491.445
753,2015,Liniennahverkehr mit Omnibussen,Bayern,931,702737,702.737,5137123,5137.123
754,2015,Liniennahverkehr mit Omnibussen,Berlin,16,418926,418.926,1403418,1403.418
755,2015,Liniennahverkehr mit Omnibussen,Brandenburg,80,85017,85.017,963119,963.119
756,2015,Liniennahverkehr mit Omnibussen,Bremen,12,96979,96.979,757720,757.72
757,2015,Liniennahverkehr mit Omnibussen,Hamburg,12,321176,321.176,1085325,1085.325
758,2015,Liniennahverkehr mit Omnibussen,Hessen,267,286572,286.572,1827843,1827.843
759,2015,Liniennahverkehr mit Omnibussen,Mecklenburg-Vorpommern,72,68416,68.416,649934,649.934
760,2015,Liniennahverkehr mit Omnibussen,Niedersachsen,364,403867,403.867,3144634,3144.634
761,2015,Liniennahverkehr mit Omnibussen,Nordrhein-Westfalen,388,1476010,1476.01,8887055,8887.055
762,2015,Liniennahverkehr mit Omnibussen,Rheinland-Pfalz,128,189172,189.172,1565273,1565.273
763,2015,Liniennahverkehr mit Omnibussen,Saarland,20,68029,68.029,555904,555.904
764,2015,Liniennahverkehr mit Omnibussen,Sachsen,147,218180,218.18,1438304,1438.304
765,2015,Liniennahverkehr mit Omnibussen,Sachsen-Anhalt,68,78454,78.454,851625,851.625
766,2015,Liniennahverkehr mit Omnibussen,Schleswig-Holstein,104,135610,135.61,1421399,1421.399
767,2015,Liniennahverkehr mit Omnibussen,Thüringen,104,88604,88.604,645372,645.372
784,2016,Liniennahverkehr mit Eisenbahnen,Baden-Württemberg,36,186088,186.088,2320219,2320.219
785,2016,Liniennahverkehr mit Eisenbahnen,Bayern,28,50440,50.44,2111079,2111.079
786,2016,Liniennahverkehr mit Eisenbahnen,Berlin,8,436766,436.766,4599202,4599.202
789,2016,Liniennahverkehr mit Eisenbahnen,Hamburg,4,233633,233.633,1988998,1988.998
790,2016,Liniennahverkehr mit Eisenbahnen,Hessen,28,1467344,1467.344,35299296,35299.296
791,2016,Liniennahverkehr mit Eisenbahnen,Mecklenburg-Vorpommern,16,23117,23.117,871603,871.603
792,2016,Liniennahverkehr mit Eisenbahnen,Niedersachsen,20,83396,83.396,2803793,2803.793
793,2016,Liniennahverkehr mit Eisenbahnen,Nordrhein-Westfalen,24,80244,80.244,2181898,2181.898
794,2016,Liniennahverkehr mit Eisenbahnen,Rheinland-Pfalz,16,22772,22.772,673950,673.95
796,2016,Liniennahverkehr mit Eisenbahnen,Sachsen,16,9937,9.937,317242,317.242
797,2016,Liniennahverkehr mit Eisenbahnen,Sachsen-Anhalt,8,3873,3.873,141105,141.105
798,2016,Liniennahverkehr mit Eisenbahnen,Schleswig-Holstein,16,23265,23.265,753671,753.671
799,2016,Liniennahverkehr mit Eisenbahnen,Thüringen,8,7391,7.391,232493,232.493
800,2016,Liniennahverkehr mit Straßenbahnen,Baden-Württemberg,24,425352,425.352,1671539,1671.539
801,2016,Liniennahverkehr mit Straßenbahnen,Bayern,20,755158,755.158,2983002,2983.002
802,2016,Liniennahverkehr mit Straßenbahnen,Berlin,4,746699,746.699,3111668,3111.668
803,2016,Liniennahverkehr mit Straßenbahnen,Brandenburg,28,42919,42.919,131249,131.249
804,2016,Liniennahverkehr mit Straßenbahnen,Bremen,4,58776,58.776,293876,293.876
805,2016,Liniennahverkehr mit Straßenbahnen,Hamburg,4,227043,227.043,1355443,1355.443
806,2016,Liniennahverkehr mit Straßenbahnen,Hessen,16,247146,247.146,1037317,1037.317
807,2016,Liniennahverkehr mit Straßenbahnen,Mecklenburg-Vorpommern,8,39451,39.451,150919,150.919
808,2016,Liniennahverkehr mit Straßenbahnen,Niedersachsen,8,206619,206.619,797719,797.719
809,2016,Liniennahverkehr mit Straßenbahnen,Nordrhein-Westfalen,48,740814,740.814,3507447,3507.447
810,2016,Liniennahverkehr mit Straßenbahnen,Rheinland-Pfalz,4,11283,11.283,57955,57.955
811,2016,Liniennahverkehr mit Straßenbahnen,Saarland,4,11906,11.906,58798,58.798
812,2016,Liniennahverkehr mit Straßenbahnen,Sachsen,28,274757,274.757,1058944,1058.944
813,2016,Liniennahverkehr mit Straßenbahnen,Sachsen-Anhalt,16,116258,116.258,537734,537.734
815,2016,Liniennahverkehr mit Straßenbahnen,Thüringen,20,68706,68.706,252301,252.301
816,2016,Liniennahverkehr mit Omnibussen,Baden-Württemberg,565,638230,638.23,4692198,4692.198
817,2016,Liniennahverkehr mit Omnibussen,Bayern,893,714641,714.641,5133083,5133.083
818,2016,Liniennahverkehr mit Omnibussen,Berlin,12,433434,433.434,1451338,1451.338
819,2016,Liniennahverkehr mit Omnibussen,Brandenburg,74,86557,86.557,1020270,1020.27
820,2016,Liniennahverkehr mit Omnibussen,Bremen,12,97272,97.272,751182,751.182
821,2016,Liniennahverkehr mit Omnibussen,Hamburg,12,316916,316.916,1071005,1071.005
822,2016,Liniennahverkehr mit Omnibussen,Hessen,286,298584,298.584,2068499,2068.499
823,2016,Liniennahverkehr mit Omnibussen,Mecklenburg-Vorpommern,64,68613,68.613,655303,655.303
824,2016,Liniennahverkehr mit Omnibussen,Niedersachsen,365,381682,381.682,2930380,2930.38
825,2016,Liniennahverkehr mit Omnibussen,Nordrhein-Westfalen,407,1497739,1497.739,9170729,9170.729
826,2016,Liniennahverkehr mit Omnibussen,Rheinland-Pfalz,140,205221,205.221,1713944,1713.944
827,2016,Liniennahverkehr mit Omnibussen,Saarland,26,51133,51.133,360298,360.298
828,2016,Liniennahverkehr mit Omnibussen,Sachsen,128,222439,222.439,1467151,1467.151
829,2016,Liniennahverkehr mit Omnibussen,Sachsen-Anhalt,68,75978,75.978,845986,845.986
830,2016,Liniennahverkehr mit Omnibussen,Schleswig-Holstein,100,134880,134.88,1399711,1399.711
831,2016,Liniennahverkehr mit Omnibussen,Thüringen,100,93164,93.164,656698,656.698
848,2017,Liniennahverkehr mit Eisenbahnen,Baden-Württemberg,36,187690,187.69,2586583,2586.583
849,2017,Liniennahverkehr mit Eisenbahnen,Bayern,28,54035,54.035,2162469,2162.469
850,2017,Liniennahverkehr mit Eisenbahnen,Berlin,8,442360,442.36,4697798,4697.798
853,2017,Liniennahverkehr mit Eisenbahnen,Hamburg,4,235544,235.544,2000670,2000.67
854,2017,Liniennahverkehr mit Eisenbahnen,Hessen,28,1493665,1493.665,35320775,35320.775
855,2017,Liniennahverkehr mit Eisenbahnen,Mecklenburg-Vorpommern,16,24366,24.366,907422,907.422
856,2017,Liniennahverkehr mit Eisenbahnen,Niedersachsen,20,86605,86.605,3012094,3012.094
857,2017,Liniennahverkehr mit Eisenbahnen,Nordrhein-Westfalen,24,92350,92.35,2322889,2322.889
858,2017,Liniennahverkehr mit Eisenbahnen,Rheinland-Pfalz,16,22896,22.896,690022,690.022
860,2017,Liniennahverkehr mit Eisenbahnen,Sachsen,16,7987,7.987,202411,202.411
861,2017,Liniennahverkehr mit Eisenbahnen,Sachsen-Anhalt,12,13416,13.416,487839,487.839
862,2017,Liniennahverkehr mit Eisenbahnen,Schleswig-Holstein,12,18020,18.02,317201,317.201
863,2017,Liniennahverkehr mit Eisenbahnen,Thüringen,8,7541,7.541,237293,237.293
864,2017,Liniennahverkehr mit Straßenbahnen,Baden-Württemberg,24,430550,430.55,1629548,1629.548
865,2017,Liniennahverkehr mit Straßenbahnen,Bayern,20,760056,760.056,2961703,2961.703
866,2017,Liniennahverkehr mit Straßenbahnen,Berlin,4,759926,759.926,3166791,3166.791
867,2017,Liniennahverkehr mit Straßenbahnen,Brandenburg,28,43831,43.831,134085,134.085
868,2017,Liniennahverkehr mit Straßenbahnen,Bremen,4,60326,60.326,301630,301.63
869,2017,Liniennahverkehr mit Straßenbahnen,Hamburg,4,237163,237.163,1415870,1415.87
870,2017,Liniennahverkehr mit Straßenbahnen,Hessen,16,263399,263.399,1114935,1114.935
871,2017,Liniennahverkehr mit Straßenbahnen,Mecklenburg-Vorpommern,8,39166,39.166,147984,147.984
872,2017,Liniennahverkehr mit Straßenbahnen,Niedersachsen,8,205891,205.891,804088,804.088
873,2017,Liniennahverkehr mit Straßenbahnen,Nordrhein-Westfalen,48,753863,753.863,3550721,3550.721
874,2017,Liniennahverkehr mit Straßenbahnen,Rheinland-Pfalz,4,11445,11.445,58820,58.82
875,2017,Liniennahverkehr mit Straßenbahnen,Saarland,4,11967,11.967,64608,64.608
876,2017,Liniennahverkehr mit Straßenbahnen,Sachsen,28,283783,283.783,1083723,1083.723
877,2017,Liniennahverkehr mit Straßenbahnen,Sachsen-Anhalt,16,116122,116.122,552413,552.413
879,2017,Liniennahverkehr mit Straßenbahnen,Thüringen,20,70701,70.701,244195,244.195
880,2017,Liniennahverkehr mit Omnibussen,Baden-Württemberg,556,621895,621.895,4560038,4560.038
881,2017,Liniennahverkehr mit Omnibussen,Bayern,882,701555,701.555,4910465,4910.465
882,2017,Liniennahverkehr mit Omnibussen,Berlin,12,441150,441.15,1477428,1477.428
883,2017,Liniennahverkehr mit Omnibussen,Brandenburg,67,82396,82.396,987565,987.565
884,2017,Liniennahverkehr mit Omnibussen,Bremen,12,96021,96.021,742187,742.187
885,2017,Liniennahverkehr mit Omnibussen,Hamburg,12,320293,320.293,1085620,1085.62
886,2017,Liniennahverkehr mit Omnibussen,Hessen,274,293431,293.431,1898526,1898.526
887,2017,Liniennahverkehr mit Omnibussen,Mecklenburg-Vorpommern,53,67571,67.571,658943,658.943
888,2017,Liniennahverkehr mit Omnibussen,Niedersachsen,342,379635,379.635,2850114,2850.114
889,2017,Liniennahverkehr mit Omnibussen,Nordrhein-Westfalen,392,1496070,1496.07,9200343,9200.343
890,2017,Liniennahverkehr mit Omnibussen,Rheinland-Pfalz,140,247025,247.025,2079771,2079.771
891,2017,Liniennahverkehr mit Omnibussen,Saarland,24,48116,48.116,312012,312.012
892,2017,Liniennahverkehr mit Omnibussen,Sachsen,128,225987,225.987,1479623,1479.623
893,2017,Liniennahverkehr mit Omnibussen,Sachsen-Anhalt,68,76428,76.428,857073,857.073
894,2017,Liniennahverkehr mit Omnibussen,Schleswig-Holstein,84,132996,132.996,1409862,1409.862
895,2017,Liniennahverkehr mit Omnibussen,Thüringen,100,93143,93.143,634264,634.264
912,2018,Liniennahverkehr mit Eisenbahnen,Baden-Württemberg,32,188024,188.024,2548628,2548.628
913,2018,Liniennahverkehr mit Eisenbahnen,Bayern,28,54940,54.94,2217139,2217.139
914,2018,Liniennahverkehr mit Eisenbahnen,Berlin,8,484079,484.079,4730062,4730.062
917,2018,Liniennahverkehr mit Eisenbahnen,Hamburg,4,233574,233.574,1981967,1981.967
918,2018,Liniennahverkehr mit Eisenbahnen,Hessen,24,1499400,1499.4,35552918,35552.918
919,2018,Liniennahverkehr mit Eisenbahnen,Mecklenburg-Vorpommern,16,20494,20.494,813947,813.947
920,2018,Liniennahverkehr mit Eisenbahnen,Niedersachsen,20,87075,87.075,3031012,3031.012
921,2018,Liniennahverkehr mit Eisenbahnen,Nordrhein-Westfalen,24,79665,79.665,2244906,2244.906
922,2018,Liniennahverkehr mit Eisenbahnen,Rheinland-Pfalz,16,23290,23.29,708795,708.795
924,2018,Liniennahverkehr mit Eisenbahnen,Sachsen,16,8734,8.734,206948,206.948
925,2018,Liniennahverkehr mit Eisenbahnen,Sachsen-Anhalt,12,13021,13.021,462900,462.9
926,2018,Liniennahverkehr mit Eisenbahnen,Schleswig-Holstein,12,17224,17.224,304081,304.081
927,2018,Liniennahverkehr mit Eisenbahnen,Thüringen,8,8667,8.667,237282,237.282
928,2018,Liniennahverkehr mit Straßenbahnen,Baden-Württemberg,24,434880,434.88,1649886,1649.886
929,2018,Liniennahverkehr mit Straßenbahnen,Bayern,20,762199,762.199,2988029,2988.029
930,2018,Liniennahverkehr mit Straßenbahnen,Berlin,4,786974,786.974,3279506,3279.506
931,2018,Liniennahverkehr mit Straßenbahnen,Brandenburg,28,46391,46.391,143985,143.985
932,2018,Liniennahverkehr mit Straßenbahnen,Bremen,4,61807,61.807,309036,309.036
933,2018,Liniennahverkehr mit Straßenbahnen,Hamburg,4,252740,252.74,1508858,1508.858
934,2018,Liniennahverkehr mit Straßenbahnen,Hessen,16,288285,288.285,1230803,1230.803
935,2018,Liniennahverkehr mit Straßenbahnen,Mecklenburg-Vorpommern,8,39799,39.799,149820,149.82
936,2018,Liniennahverkehr mit Straßenbahnen,Niedersachsen,8,206377,206.377,807451,807.451
937,2018,Liniennahverkehr mit Straßenbahnen,Nordrhein-Westfalen,48,746476,746.476,3529424,3529.424
938,2018,Liniennahverkehr mit Straßenbahnen,Rheinland-Pfalz,4,11437,11.437,58857,58.857
939,2018,Liniennahverkehr mit Straßenbahnen,Saarland,4,11999,11.999,68090,68.09
940,2018,Liniennahverkehr mit Straßenbahnen,Sachsen,28,284463,284.463,1090733,1090.733
941,2018,Liniennahverkehr mit Straßenbahnen,Sachsen-Anhalt,16,108733,108.733,513652,513.652
943,2018,Liniennahverkehr mit Straßenbahnen,Thüringen,20,71540,71.54,250767,250.767
944,2018,Liniennahverkehr mit Omnibussen,Baden-Württemberg,550,601979,601.979,4411102,4411.102
945,2018,Liniennahverkehr mit Omnibussen,Bayern,872,706035,706.035,4864367,4864.367
946,2018,Liniennahverkehr mit Omnibussen,Berlin,12,456923,456.923,1531153,1531.153
947,2018,Liniennahverkehr mit Omnibussen,Brandenburg,64,80614,80.614,1011551,1011.551
948,2018,Liniennahverkehr mit Omnibussen,Bremen,12,92807,92.807,698985,698.985
949,2018,Liniennahverkehr mit Omnibussen,Hamburg,12,322400,322.4,1084113,1084.113
950,2018,Liniennahverkehr mit Omnibussen,Hessen,256,297412,297.412,1864461,1864.461
951,2018,Liniennahverkehr mit Omnibussen,Mecklenburg-Vorpommern,48,67772,67.772,653589,653.589
952,2018,Liniennahverkehr mit Omnibussen,Niedersachsen,332,386204,386.204,2865732,2865.732
953,2018,Liniennahverkehr mit Omnibussen,Nordrhein-Westfalen,370,1465814,1465.814,9012601,9012.601
954,2018,Liniennahverkehr mit Omnibussen,Rheinland-Pfalz,139,236465,236.465,2189801,2189.801
955,2018,Liniennahverkehr mit Omnibussen,Saarland,24,47549,47.549,309359,309.359
956,2018,Liniennahverkehr mit Omnibussen,Sachsen,128,227339,227.339,1483303,1483.303
957,2018,Liniennahverkehr mit Omnibussen,Sachsen-Anhalt,63,76514,76.514,855680,855.68
958,2018,Liniennahverkehr mit Omnibussen,Schleswig-Holstein,84,131147,131.147,1415895,1415.895
959,2018,Liniennahverkehr mit Omnibussen,Thüringen,96,93083,93.083,635550,635.55
976,2019,Liniennahverkehr mit Eisenbahnen,Baden-Württemberg,28,194979,194.979,2526693,2526.693
977,2019,Liniennahverkehr mit Eisenbahnen,Bayern,29,62245,62.245,2488377,2488.377
978,2019,Liniennahverkehr mit Eisenbahnen,Berlin,8,491800,491.8,4829576,4829.576
981,2019,Liniennahverkehr mit Eisenbahnen,Hamburg,4,247526,247.526,2130105,2130.105
982,2019,Liniennahverkehr mit Eisenbahnen,Hessen,24,1510381,1510.381,35396607,35396.607
983,2019,Liniennahverkehr mit Eisenbahnen,Mecklenburg-Vorpommern,12,21152,21.152,849059,849.059
984,2019,Liniennahverkehr mit Eisenbahnen,Niedersachsen,24,87942,87.942,3055707,3055.707
985,2019,Liniennahverkehr mit Eisenbahnen,Nordrhein-Westfalen,24,88266,88.266,2240011,2240.011
986,2019,Liniennahverkehr mit Eisenbahnen,Rheinland-Pfalz,13,22380,22.38,697388,697.388
988,2019,Liniennahverkehr mit Eisenbahnen,Sachsen,14,8027,8.027,189538,189.538
989,2019,Liniennahverkehr mit Eisenbahnen,Sachsen-Anhalt,9,14499,14.499,541978,541.978
990,2019,Liniennahverkehr mit Eisenbahnen,Schleswig-Holstein,12,17840,17.84,318316,318.316
991,2019,Liniennahverkehr mit Eisenbahnen,Thüringen,8,8925,8.925,240619,240.619
992,2019,Liniennahverkehr mit Straßenbahnen,Baden-Württemberg,24,438494,438.494,1656413,1656.413
993,2019,Liniennahverkehr mit Straßenbahnen,Bayern,20,771518,771.518,3024333,3024.333
994,2019,Liniennahverkehr mit Straßenbahnen,Berlin,4,803930,803.93,3350168,3350.168
995,2019,Liniennahverkehr mit Straßenbahnen,Brandenburg,28,47582,47.582,150317,150.317
996,2019,Liniennahverkehr mit Straßenbahnen,Bremen,4,60287,60.287,301433,301.433
997,2019,Liniennahverkehr mit Straßenbahnen,Hamburg,4,252015,252.015,1504540,1504.54
998,2019,Liniennahverkehr mit Straßenbahnen,Hessen,16,294452,294.452,1232655,1232.655
999,2019,Liniennahverkehr mit Straßenbahnen,Mecklenburg-Vorpommern,8,40748,40.748,153747,153.747
1000,2019,Liniennahverkehr mit Straßenbahnen,Niedersachsen,8,203069,203.069,803547,803.547
1001,2019,Liniennahverkehr mit Straßenbahnen,Nordrhein-Westfalen,46,738939,738.939,3513264,3513.264
1002,2019,Liniennahverkehr mit Straßenbahnen,Rheinland-Pfalz,4,11730,11.73,60738,60.738
1003,2019,Liniennahverkehr mit Straßenbahnen,Saarland,4,11746,11.746,67150,67.15
1004,2019,Liniennahverkehr mit Straßenbahnen,Sachsen,27,279314,279.314,1082638,1082.638
1005,2019,Liniennahverkehr mit Straßenbahnen,Sachsen-Anhalt,16,106145,106.145,514974,514.974
1007,2019,Liniennahverkehr mit Straßenbahnen,Thüringen,20,73054,73.054,250546,250.546
1008,2019,Liniennahverkehr mit Omnibussen,Baden-Württemberg,533,584229,584.229,4394362,4394.362
1009,2019,Liniennahverkehr mit Omnibussen,Bayern,863,705048,705.048,4758103,4758.103
1010,2019,Liniennahverkehr mit Omnibussen,Berlin,12,466715,466.715,1563045,1563.045
1011,2019,Liniennahverkehr mit Omnibussen,Brandenburg,65,82683,82.683,1092547,1092.547
1012,2019,Liniennahverkehr mit Omnibussen,Bremen,12,86174,86.174,626647,626.647
1013,2019,Liniennahverkehr mit Omnibussen,Hamburg,13,323682,323.682,1112440,1112.44
1014,2019,Liniennahverkehr mit Omnibussen,Hessen,249,310284,310.284,1924718,1924.718
1015,2019,Liniennahverkehr mit Omnibussen,Mecklenburg-Vorpommern,48,70103,70.103,676374,676.374
1016,2019,Liniennahverkehr mit Omnibussen,Niedersachsen,303,388408,388.408,2847812,2847.812
1017,2019,Liniennahverkehr mit Omnibussen,Nordrhein-Westfalen,357,1483310,1483.31,9076785,9076.785
1018,2019,Liniennahverkehr mit Omnibussen,Rheinland-Pfalz,132,204591,204.591,1903246,1903.246
1019,2019,Liniennahverkehr mit Omnibussen,Saarland,24,45359,45.359,300075,300.075
1020,2019,Liniennahverkehr mit Omnibussen,Sachsen,122,223882,223.882,1496571,1496.571
1021,2019,Liniennahverkehr mit Omnibussen,Sachsen-Anhalt,64,77427,77.427,881723,881.723
1022,2019,Liniennahverkehr mit Omnibussen,Schleswig-Holstein,79,134952,134.952,1459122,1459.122
1023,2019,Liniennahverkehr mit Omnibussen,Thüringen,93,90172,90.172,609256,609.256
1040,2020,Liniennahverkehr mit Eisenbahnen,Baden-Württemberg,28,114574,114.574,1397482,1397.482
1041,2020,Liniennahverkehr mit Eisenbahnen,Bayern,28,33726,33.726,1178886,1178.886
1042,2020,Liniennahverkehr mit Eisenbahnen,Berlin,8,338095,338.095,3312428,3312.428
1045,2020,Liniennahverkehr mit Eisenbahnen,Hamburg,4,147713,147.713,1282418,1282.418
1046,2020,Liniennahverkehr mit Eisenbahnen,Hessen,24,879945,879.945,20217000,20217.0
1047,2020,Liniennahverkehr mit Eisenbahnen,Mecklenburg-Vorpommern,8,14597,14.597,565888,565.888
1048,2020,Liniennahverkehr mit Eisenbahnen,Niedersachsen,25,54187,54.187,1839190,1839.19
1049,2020,Liniennahverkehr mit Eisenbahnen,Nordrhein-Westfalen,24,64230,64.23,1541618,1541.618
1050,2020,Liniennahverkehr mit Eisenbahnen,Rheinland-Pfalz,12,14847,14.847,414996,414.996
1052,2020,Liniennahverkehr mit Eisenbahnen,Sachsen,12,5567,5.567,153048,153.048
1053,2020,Liniennahverkehr mit Eisenbahnen,Sachsen-Anhalt,8,12583,12.583,427134,427.134
1054,2020,Liniennahverkehr mit Eisenbahnen,Schleswig-Holstein,12,12829,12.829,212130,212.13
1055,2020,Liniennahverkehr mit Eisenbahnen,Thüringen,8,6652,6.652,165260,165.26
1056,2020,Liniennahverkehr mit Straßenbahnen,Baden-Württemberg,24,270018,270.018,1057613,1057.613
1057,2020,Liniennahverkehr mit Straßenbahnen,Bayern,16,482335,482.335,1859781,1859.781
1058,2020,Liniennahverkehr mit Straßenbahnen,Berlin,4,510535,510.535,2118188,2118.188
1059,2020,Liniennahverkehr mit Straßenbahnen,Brandenburg,24,43663,43.663,137057,137.057
1060,2020,Liniennahverkehr mit Straßenbahnen,Bremen,4,40202,40.202,152771,152.771
1061,2020,Liniennahverkehr mit Straßenbahnen,Hamburg,4,161007,161.007,961210,961.21
1062,2020,Liniennahverkehr mit Straßenbahnen,Hessen,16,181721,181.721,767052,767.052
1063,2020,Liniennahverkehr mit Straßenbahnen,Mecklenburg-Vorpommern,8,29732,29.732,112980,112.98
1064,2020,Liniennahverkehr mit Straßenbahnen,Niedersachsen,8,137752,137.752,546743,546.743
1065,2020,Liniennahverkehr mit Straßenbahnen,Nordrhein-Westfalen,44,539270,539.27,2686304,2686.304
1066,2020,Liniennahverkehr mit Straßenbahnen,Rheinland-Pfalz,4,7414,7.414,38249,38.249
1067,2020,Liniennahverkehr mit Straßenbahnen,Saarland,4,10067,10.067,56579,56.579
1068,2020,Liniennahverkehr mit Straßenbahnen,Sachsen,28,192729,192.729,776641,776.641
1069,2020,Liniennahverkehr mit Straßenbahnen,Sachsen-Anhalt,16,86882,86.882,415810,415.81
1071,2020,Liniennahverkehr mit Straßenbahnen,Thüringen,18,50770,50.77,168236,168.236
1072,2020,Liniennahverkehr mit Omnibussen,Baden-Württemberg,489,386096,386.096,2939588,2939.588
1073,2020,Liniennahverkehr mit Omnibussen,Bayern,847,485885,485.885,3483530,3483.53
1074,2020,Liniennahverkehr mit Omnibussen,Berlin,12,307657,307.657,1021976,1021.976
1075,2020,Liniennahverkehr mit Omnibussen,Brandenburg,64,73236,73.236,995291,995.291
1076,2020,Liniennahverkehr mit Omnibussen,Bremen,12,60396,60.396,325339,325.339
1077,2020,Liniennahverkehr mit Omnibussen,Hamburg,17,235325,235.325,968441,968.441
1078,2020,Liniennahverkehr mit Omnibussen,Hessen,243,236084,236.084,1438638,1438.638
1079,2020,Liniennahverkehr mit Omnibussen,Mecklenburg-Vorpommern,48,56893,56.893,548723,548.723
1080,2020,Liniennahverkehr mit Omnibussen,Niedersachsen,279,269060,269.06,2030808,2030.808
1081,2020,Liniennahverkehr mit Omnibussen,Nordrhein-Westfalen,344,1187240,1187.24,7628321,7628.321
1082,2020,Liniennahverkehr mit Omnibussen,Rheinland-Pfalz,128,168418,168.418,1585199,1585.199
1083,2020,Liniennahverkehr mit Omnibussen,Saarland,24,39638,39.638,249732,249.732
1084,2020,Liniennahverkehr mit Omnibussen,Sachsen,107,180109,180.109,1242459,1242.459
1085,2020,Liniennahverkehr mit Omnibussen,Sachsen-Anhalt,63,67914,67.914,784793,784.793
1086,2020,Liniennahverkehr mit Omnibussen,Schleswig-Holstein,71,94974,94.974,900202,900.202
1087,2020,Liniennahverkehr mit Omnibussen,Thüringen,90,72151,72.151,494826,494.826
1104,2021,Liniennahverkehr mit Eisenbahnen,Baden-Württemberg,32,121627,121.627,1729078,1729.078
1105,2021,Liniennahverkehr mit Eisenbahnen,Bayern,28,32546,32.546,1140061,1140.061
1106,2021,Liniennahverkehr mit Eisenbahnen,Berlin,8,308630,308.63,3062401,3062.401
1107,2021,Liniennahverkehr mit Eisenbahnen,Brandenburg,4,172,0.172,816,0.816
1109,2021,Liniennahverkehr mit Eisenbahnen,Hamburg,4,135076,135.076,1177787,1177.787
1110,2021,Liniennahverkehr mit Eisenbahnen,Hessen,28,839367,839.367,18098142,18098.142
1111,2021,Liniennahverkehr mit Eisenbahnen,Mecklenburg-Vorpommern,8,14289,14.289,475570,475.57
1112,2021,Liniennahverkehr mit Eisenbahnen,Niedersachsen,25,48261,48.261,1631517,1631.517
1113,2021,Liniennahverkehr mit Eisenbahnen,Nordrhein-Westfalen,36,98652,98.652,2732152,2732.152
1114,2021,Liniennahverkehr mit Eisenbahnen,Rheinland-Pfalz,8,14575,14.575,411238,411.238
1116,2021,Liniennahverkehr mit Eisenbahnen,Sachsen,16,5437,5.437,85392,85.392
1117,2021,Liniennahverkehr mit Eisenbahnen,Sachsen-Anhalt,8,9867,9.867,324996,324.996
1118,2021,Liniennahverkehr mit Eisenbahnen,Schleswig-Holstein,12,13925,13.925,211835,211.835
1119,2021,Liniennahverkehr mit Eisenbahnen,Thüringen,8,6224,6.224,168248,168.248
1120,2021,Liniennahverkehr mit Straßenbahnen,Baden-Württemberg,28,246330,246.33,974103,974.103
1121,2021,Liniennahverkehr mit Straßenbahnen,Bayern,16,460899,460.899,1833719,1833.719
1122,2021,Liniennahverkehr mit Straßenbahnen,Berlin,4,490837,490.837,2038992,2038.992
1123,2021,Liniennahverkehr mit Straßenbahnen,Brandenburg,24,43930,43.93,138225,138.225
1124,2021,Liniennahverkehr mit Straßenbahnen,Bremen,4,43917,43.917,194818,194.818
1125,2021,Liniennahverkehr mit Straßenbahnen,Hamburg,4,146646,146.646,875485,875.485
1126,2021,Liniennahverkehr mit Straßenbahnen,Hessen,16,175158,175.158,743975,743.975
1127,2021,Liniennahverkehr mit Straßenbahnen,Mecklenburg-Vorpommern,8,29365,29.365,113220,113.22
1128,2021,Liniennahverkehr mit Straßenbahnen,Niedersachsen,8,121965,121.965,500496,500.496
1129,2021,Liniennahverkehr mit Straßenbahnen,Nordrhein-Westfalen,44,503448,503.448,2382952,2382.952
1130,2021,Liniennahverkehr mit Straßenbahnen,Rheinland-Pfalz,4,9424,9.424,48595,48.595
1131,2021,Liniennahverkehr mit Straßenbahnen,Saarland,4,9731,9.731,57155,57.155
1132,2021,Liniennahverkehr mit Straßenbahnen,Sachsen,28,186315,186.315,727603,727.603
1133,2021,Liniennahverkehr mit Straßenbahnen,Sachsen-Anhalt,16,77952,77.952,405186,405.186
1135,2021,Liniennahverkehr mit Straßenbahnen,Thüringen,20,48216,48.216,167894,167.894
1136,2021,Liniennahverkehr mit Omnibussen,Baden-Württemberg,544,431720,431.72,3382072,3382.072
1137,2021,Liniennahverkehr mit Omnibussen,Bayern,855,498300,498.3,3695503,3695.503
1138,2021,Liniennahverkehr mit Omnibussen,Berlin,22,308359,308.359,1017878,1017.878
1139,2021,Liniennahverkehr mit Omnibussen,Brandenburg,80,91469,91.469,1294794,1294.794
1140,2021,Liniennahverkehr mit Omnibussen,Bremen,8,45684,45.684,198370,198.37
1141,2021,Liniennahverkehr mit Omnibussen,Hamburg,27,277030,277.03,1536985,1536.985
1142,2021,Liniennahverkehr mit Omnibussen,Hessen,262,231183,231.183,1406777,1406.777
1143,2021,Liniennahverkehr mit Omnibussen,Mecklenburg-Vorpommern,48,58475,58.475,559575,559.575
1144,2021,Liniennahverkehr mit Omnibussen,Niedersachsen,294,277660,277.66,2009110,2009.11
1145,2021,Liniennahverkehr mit Omnibussen,Nordrhein-Westfalen,380,1125180,1125.18,7471926,7471.926
1146,2021,Liniennahverkehr mit Omnibussen,Rheinland-Pfalz,168,191018,191.018,1722551,1722.551
1147,2021,Liniennahverkehr mit Omnibussen,Saarland,31,46672,46.672,325150,325.15
1148,2021,Liniennahverkehr mit Omnibussen,Sachsen,104,179112,179.112,1407944,1407.944
1149,2021,Liniennahverkehr mit Omnibussen,Sachsen-Anhalt,64,73118,73.118,888277,888.277
1150,2021,Liniennahverkehr mit Omnibussen,Schleswig-Holstein,76,74099,74.099,619814,619.814
1151,2021,Liniennahverkehr mit Omnibussen,Thüringen,104,70470,70.47,520419,520.419
1168,2022,Liniennahverkehr mit Eisenbahnen,Baden-Württemberg,32,164281,164.281,2557219,2557.219
1169,2022,Liniennahverkehr mit Eisenbahnen,Bayern,24,50591,50.591,1964922,1964.922
1170,2022,Liniennahverkehr mit Eisenbahnen,Berlin,8,416199,416.199,4171262,4171.262
1171,2022,Liniennahverkehr mit Eisenbahnen,Brandenburg,4,172,0.172,816,0.816
1173,2022,Liniennahverkehr mit Eisenbahnen,Hamburg,4,184196,184.196,1615938,1615.938
1174,2022,Liniennahverkehr mit Eisenbahnen,Hessen,24,1242378,1242.378,30309115,30309.115
1175,2022,Liniennahverkehr mit Eisenbahnen,Mecklenburg-Vorpommern,8,22299,22.299,820448,820.448
1176,2022,Liniennahverkehr mit Eisenbahnen,Niedersachsen,28,73866,73.866,2699281,2699.281
1177,2022,Liniennahverkehr mit Eisenbahnen,Nordrhein-Westfalen,32,136941,136.941,4470358,4470.358
1178,2022,Liniennahverkehr mit Eisenbahnen,Rheinland-Pfalz,8,20820,20.82,634523,634.523
1180,2022,Liniennahverkehr mit Eisenbahnen,Sachsen,16,7839,7.839,186573,186.573
1181,2022,Liniennahverkehr mit Eisenbahnen,Sachsen-Anhalt,8,19773,19.773,757604,757.604
1182,2022,Liniennahverkehr mit Eisenbahnen,Schleswig-Holstein,12,19066,19.066,311967,311.967
1183,2022,Liniennahverkehr mit Eisenbahnen,Thüringen,8,9957,9.957,309049,309.049
1184,2022,Liniennahverkehr mit Straßenbahnen,Baden-Württemberg,28,338218,338.218,1335034,1335.034
1185,2022,Liniennahverkehr mit Straßenbahnen,Bayern,16,643390,643.39,2474772,2474.772
1186,2022,Liniennahverkehr mit Straßenbahnen,Berlin,4,664641,664.641,2763080,2763.08
1187,2022,Liniennahverkehr mit Straßenbahnen,Brandenburg,24,46666,46.666,146158,146.158
1188,2022,Liniennahverkehr mit Straßenbahnen,Bremen,4,42022,42.022,210112,210.112
1189,2022,Liniennahverkehr mit Straßenbahnen,Hamburg,4,195802,195.802,1168937,1168.937
1190,2022,Liniennahverkehr mit Straßenbahnen,Hessen,16,224840,224.84,948228,948.228
1191,2022,Liniennahverkehr mit Straßenbahnen,Mecklenburg-Vorpommern,8,39415,39.415,155001,155.001
1192,2022,Liniennahverkehr mit Straßenbahnen,Niedersachsen,8,155048,155.048,623834,623.834
1193,2022,Liniennahverkehr mit Straßenbahnen,Nordrhein-Westfalen,44,617489,617.489,2974902,2974.902
1194,2022,Liniennahverkehr mit Straßenbahnen,Rheinland-Pfalz,4,11271,11.271,58181,58.181
1195,2022,Liniennahverkehr mit Straßenbahnen,Saarland,4,11580,11.58,84968,84.968
1196,2022,Liniennahverkehr mit Straßenbahnen,Sachsen,28,245281,245.281,965561,965.561
1197,2022,Liniennahverkehr mit Straßenbahnen,Sachsen-Anhalt,16,87549,87.549,468171,468.171
1199,2022,Liniennahverkehr mit Straßenbahnen,Thüringen,20,64809,64.809,204266,204.266
1200,2022,Liniennahverkehr mit Omnibussen,Baden-Württemberg,515,543161,543.161,4230313,4230.313
1201,2022,Liniennahverkehr mit Omnibussen,Bayern,840,626010,626.01,4354119,4354.119
1202,2022,Liniennahverkehr mit Omnibussen,Berlin,24,405233,405.233,1338792,1338.792
1203,2022,Liniennahverkehr mit Omnibussen,Brandenburg,80,108037,108.037,1683667,1683.667
1204,2022,Liniennahverkehr mit Omnibussen,Bremen,8,47275,47.275,228816,228.816
1205,2022,Liniennahverkehr mit Omnibussen,Hamburg,28,362894,362.894,1910467,1910.467
1206,2022,Liniennahverkehr mit Omnibussen,Hessen,256,281063,281.063,1681318,1681.318
1207,2022,Liniennahverkehr mit Omnibussen,Mecklenburg-Vorpommern,48,74436,74.436,690874,690.874
1208,2022,Liniennahverkehr mit Omnibussen,Niedersachsen,284,316667,316.667,2287729,2287.729
1209,2022,Liniennahverkehr mit Omnibussen,Nordrhein-Westfalen,373,1252389,1252.389,8312764,8312.764
1210,2022,Liniennahverkehr mit Omnibussen,Rheinland-Pfalz,161,220691,220.691,1812066,1812.066
1211,2022,Liniennahverkehr mit Omnibussen,Saarland,32,53388,53.388,412456,412.456
1212,2022,Liniennahverkehr mit Omnibussen,Sachsen,92,227143,227.143,2199813,2199.813
1213,2022,Liniennahverkehr mit Omnibussen,Sachsen-Anhalt,60,79891,79.891,1026741,1026.741
1214,2022,Liniennahverkehr mit Omnibussen,Schleswig-Holstein,68,91738,91.738,792455,792.455
1215,2022,Liniennahverkehr mit Omnibussen,Thüringen,100,90353,90.353,666832,666.832
